{
"type": "FeatureCollection",
"name": "GRED_USA_GA_2014_CST_wgs",
"crs": { "type": "name", "properties": { "name": "urn:ogc:def:crs:OGC:1.3:CRS84" } },
"features": [
{ "type": "Feature", "properties": { "ADM0_ISO3": "USA", "ADM0_NAME": "US", "ADM0_CODE": 840, "CST_NAME": "georgia 01", "CST_CODE": 115, "VERSION": "20190215" }, "geometry": { "type": "MultiPolygon", "coordinates": [ [ [ [ -80.965721, 32.059923 ], [ -80.918137, 32.026293 ], [ -80.874832, 32.016092 ], [ -80.852276, 32.026676 ], [ -80.840625, 32.012999 ], [ -80.846668, 31.991373 ], [ -80.862653, 31.969553 ], [ -80.916695, 31.944553 ], [ -80.932504, 31.961784 ], [ -80.922456, 31.974615 ], [ -80.927417, 31.985975 ], [ -80.921641, 32.008678 ], [ -80.962969, 32.04322 ], [ -80.965721, 32.059923 ] ] ], [ [ [ -82.628975, 31.36393 ], [ -82.628181, 31.469351 ], [ -82.597509, 31.469293 ], [ -82.596283, 31.557899 ], [ -82.628273, 31.558329 ], [ -82.627342, 31.672672 ], [ -82.521393, 31.672512 ], [ -82.52142, 31.710796 ], [ -82.495866, 31.710588 ], [ -82.472725, 31.680157 ], [ -82.43782, 31.661352 ], [ -82.407509, 31.6392 ], [ -82.389152, 31.637814 ], [ -82.348526, 31.620661 ], [ -82.318077, 31.594286 ], [ -82.240692, 31.555622 ], [ -82.219044, 31.518709 ], [ -82.155075, 31.471116 ], [ -82.132794, 31.471262 ], [ -82.133013, 31.773404 ], [ -82.087247, 31.799509 ], [ -82.087242, 31.821003 ], [ -82.048775, 31.826791 ], [ -82.007139, 31.800646 ], [ -81.956383, 31.808706 ], [ -81.940414, 31.839872 ], [ -81.922943, 31.850609 ], [ -81.912529, 31.886833 ], [ -81.881996, 31.918341 ], [ -81.889168, 31.947071 ], [ -81.873817, 31.970097 ], [ -81.824405, 32.014882 ], [ -81.761735, 32.0479 ], [ -81.718658, 32.089351 ], [ -81.741043, 32.1045 ], [ -81.757039, 32.105103 ], [ -81.776077, 32.132584 ], [ -81.780618, 32.15296 ], [ -81.624809, 32.189681 ], [ -81.435756, 32.24131 ], [ -81.438369, 32.271904 ], [ -81.4269, 32.284923 ], [ -81.393877, 32.293635 ], [ -81.390957, 32.264784 ], [ -81.370532, 32.240143 ], [ -81.342385, 32.244173 ], [ -81.320874, 32.266323 ], [ -81.282261, 32.295797 ], [ -81.274967, 32.33166 ], [ -81.218251, 32.351968 ], [ -81.1811349, 32.3787526 ], [ -81.1711499, 32.37105 ], [ -81.1706968, 32.3707396 ], [ -81.168032, 32.367672 ], [ -81.1686414, 32.3656826 ], [ -81.1736869, 32.3636821 ], [ -81.1679306, 32.3618589 ], [ -81.1673447, 32.3601084 ], [ -81.1632671, 32.3569734 ], [ -81.1627647, 32.3568299 ], [ -81.1624443, 32.3566418 ], [ -81.1620952, 32.3563643 ], [ -81.1616091, 32.3559691 ], [ -81.1613969, 32.3557569 ], [ -81.1612968, 32.3556215 ], [ -81.160832, 32.3540798 ], [ -81.1608736, 32.353542 ], [ -81.1612196, 32.3523293 ], [ -81.1558623, 32.3503496 ], [ -81.1549191, 32.3497544 ], [ -81.1550331, 32.3453884 ], [ -81.1599573, 32.3428677 ], [ -81.1604862, 32.3415687 ], [ -81.1604438, 32.3413242 ], [ -81.1603561, 32.3410519 ], [ -81.1591262, 32.3399254 ], [ -81.1589734, 32.3398967 ], [ -81.1580784, 32.3398907 ], [ -81.155638, 32.3410897 ], [ -81.1530893, 32.3412899 ], [ -81.1519464, 32.3420795 ], [ -81.1471721, 32.3452457 ], [ -81.1464186, 32.3470228 ], [ -81.1478451, 32.3481351 ], [ -81.1479271, 32.3489504 ], [ -81.1478257, 32.3491025 ], [ -81.1474579, 32.3495018 ], [ -81.1411417, 32.3496027 ], [ -81.1356509, 32.3432515 ], [ -81.1349524, 32.3424134 ], [ -81.1311077, 32.3419491 ], [ -81.129088, 32.3404609 ], [ -81.128932, 32.3394636 ], [ -81.13718, 32.3296979 ], [ -81.1324113, 32.3257418 ], [ -81.130676, 32.325266 ], [ -81.1305475, 32.3156858 ], [ -81.1321534, 32.3102705 ], [ -81.1327142, 32.3081514 ], [ -81.1289778, 32.3068551 ], [ -81.1232648, 32.3077587 ], [ -81.1232838, 32.2981927 ], [ -81.120491, 32.2909225 ], [ -81.1204081, 32.2907774 ], [ -81.1197429, 32.2890556 ], [ -81.1205977, 32.2853548 ], [ -81.1243437, 32.2838111 ], [ -81.1250855, 32.2838039 ], [ -81.1271193, 32.2823097 ], [ -81.127233, 32.2819575 ], [ -81.127233, 32.2809902 ], [ -81.1263534, 32.2791072 ], [ -81.1258758, 32.2787398 ], [ -81.1248714, 32.2783604 ], [ -81.1237985, 32.2774625 ], [ -81.1230424, 32.275931 ], [ -81.1237594, 32.274997 ], [ -81.1266812, 32.2759206 ], [ -81.1301929, 32.2755381 ], [ -81.1310361, 32.2742602 ], [ -81.1329981, 32.269797 ], [ -81.1346952, 32.2710324 ], [ -81.1365199, 32.2726917 ], [ -81.1365565, 32.2726905 ], [ -81.1393697, 32.2720764 ], [ -81.1410736, 32.2720771 ], [ -81.1422796, 32.2711876 ], [ -81.1422803, 32.2710075 ], [ -81.141554, 32.270117 ], [ -81.1376257, 32.2684658 ], [ -81.1370406, 32.2663672 ], [ -81.1371925, 32.2656836 ], [ -81.1386182, 32.2640836 ], [ -81.1449831, 32.2640687 ], [ -81.145172, 32.259336 ], [ -81.144707, 32.2582535 ], [ -81.1480294, 32.2559441 ], [ -81.1462257, 32.2502891 ], [ -81.1463436, 32.2501553 ], [ -81.1529981, 32.2477924 ], [ -81.1531436, 32.2477197 ], [ -81.1557165, 32.245849 ], [ -81.1511843, 32.235524 ], [ -81.1505173, 32.2350463 ], [ -81.1436662, 32.2293938 ], [ -81.1441222, 32.2270933 ], [ -81.1454899, 32.2253536 ], [ -81.1456682, 32.2251865 ], [ -81.1480297, 32.2237957 ], [ -81.1481105, 32.2237706 ], [ -81.15161, 32.222903 ], [ -81.152153, 32.222322 ], [ -81.152107, 32.2221779 ], [ -81.1520151, 32.2220041 ], [ -81.1517678, 32.2218033 ], [ -81.1431859, 32.2217404 ], [ -81.1431723, 32.2217377 ], [ -81.1417246, 32.2208711 ], [ -81.1416981, 32.2208536 ], [ -81.139506, 32.220054 ], [ -81.1378203, 32.2184712 ], [ -81.1374792, 32.2178465 ], [ -81.136944, 32.217003 ], [ -81.136069, 32.212928 ], [ -81.128285, 32.208634 ], [ -81.1270932, 32.2070064 ], [ -81.1267733, 32.2064653 ], [ -81.1261147, 32.2053569 ], [ -81.1257433, 32.2047331 ], [ -81.1228814, 32.1999397 ], [ -81.1225795, 32.1983777 ], [ -81.1180473, 32.1956373 ], [ -81.1179345, 32.1957007 ], [ -81.116035, 32.1965 ], [ -81.1144528, 32.1958685 ], [ -81.114034, 32.195701 ], [ -81.1139342, 32.1940042 ], [ -81.1142528, 32.1938624 ], [ -81.119334, 32.193201 ], [ -81.121234, 32.192601 ], [ -81.1202711, 32.1899119 ], [ -81.118237, 32.189203 ], [ -81.1179351, 32.1852986 ], [ -81.1182521, 32.1846148 ], [ -81.1139315, 32.1776025 ], [ -81.1131617, 32.1777565 ], [ -81.111934, 32.178002 ], [ -81.1117723, 32.1778878 ], [ -81.1112062, 32.1774882 ], [ -81.1108711, 32.1772517 ], [ -81.1107356, 32.1771561 ], [ -81.110574, 32.177042 ], [ -81.110234, 32.1768 ], [ -81.1102793, 32.1744115 ], [ -81.1105159, 32.1739381 ], [ -81.110892, 32.1731861 ], [ -81.111134, 32.172702 ], [ -81.113634, 32.171302 ], [ -81.114242, 32.171174 ], [ -81.115534, 32.170902 ], [ -81.1190532, 32.174577 ], [ -81.1191307, 32.1747449 ], [ -81.1209538, 32.174955 ], [ -81.1223644, 32.1738913 ], [ -81.1231787, 32.1732224 ], [ -81.1236685, 32.1728201 ], [ -81.123934, 32.172602 ], [ -81.1240698, 32.1724661 ], [ -81.1240795, 32.1724565 ], [ -81.1253982, 32.1711774 ], [ -81.1292752, 32.1652432 ], [ -81.1272117, 32.1640561 ], [ -81.1220341, 32.1618001 ], [ -81.1221172, 32.1598062 ], [ -81.1216237, 32.155432 ], [ -81.121534, 32.155103 ], [ -81.120034, 32.153303 ], [ -81.114034, 32.152003 ], [ -81.112236, 32.150804 ], [ -81.1150689, 32.147737 ], [ -81.1165176, 32.1469452 ], [ -81.117335, 32.146203 ], [ -81.118327, 32.1444157 ], [ -81.118446, 32.1440811 ], [ -81.1191311, 32.1421123 ], [ -81.1191315, 32.1420431 ], [ -81.1196079, 32.1362357 ], [ -81.119713, 32.1359355 ], [ -81.119845, 32.1336179 ], [ -81.1197155, 32.1333486 ], [ -81.11791, 32.1308498 ], [ -81.117002, 32.1297522 ], [ -81.11643, 32.1290615 ], [ -81.1163989, 32.129024 ], [ -81.1160383, 32.1283636 ], [ -81.1153696, 32.1259859 ], [ -81.1160848, 32.1230797 ], [ -81.1154901, 32.1156376 ], [ -81.1120909, 32.112527 ], [ -81.1097506, 32.1119038 ], [ -81.1088534, 32.1118382 ], [ -81.1033566, 32.111412 ], [ -81.0990268, 32.1114365 ], [ -81.095418, 32.111246 ], [ -81.0951665, 32.111244 ], [ -81.0915109, 32.1107851 ], [ -81.0914856, 32.1107362 ], [ -81.0905592, 32.1064654 ], [ -81.0903887, 32.1062533 ], [ -81.0880321, 32.1038063 ], [ -81.0856319, 32.1026113 ], [ -81.080084, 32.0993017 ], [ -81.0788074, 32.0989351 ], [ -81.0778433, 32.098524 ], [ -81.0774914, 32.0983247 ], [ -81.0747055, 32.096416 ], [ -81.0746227, 32.096358 ], [ -81.0727607, 32.0944408 ], [ -81.071722, 32.0937557 ], [ -81.0709289, 32.0932203 ], [ -81.0669243, 32.0903627 ], [ -81.0651239, 32.0894562 ], [ -81.0648421, 32.0893299 ], [ -81.0594116, 32.0871961 ], [ -81.058965, 32.087063 ], [ -81.0428104, 32.0845078 ], [ -81.0411677, 32.0844934 ], [ -81.0221176, 32.0906259 ], [ -80.982085, 32.068699 ], [ -80.976457, 32.049507 ], [ -80.925849, 32.010102 ], [ -80.932697, 31.991479 ], [ -80.928952, 31.972391 ], [ -80.984919, 31.931766 ], [ -80.966882, 31.914814 ], [ -80.93561, 31.90714 ], [ -80.99269, 31.857641 ], [ -81.000917, 31.868591 ], [ -81.031217, 31.872725 ], [ -81.076982, 31.88599 ], [ -81.093998, 31.899824 ], [ -81.128503, 31.899401 ], [ -81.124829, 31.885649 ], [ -81.089535, 31.88486 ], [ -81.089392, 31.859549 ], [ -81.10905, 31.867334 ], [ -81.142734, 31.853447 ], [ -81.15788, 31.837937 ], [ -81.163466, 31.822287 ], [ -81.176967, 31.817889 ], [ -81.182817, 31.793734 ], [ -81.174665, 31.752898 ], [ -81.162304, 31.742253 ], [ -81.175044, 31.727794 ], [ -81.203117, 31.735951 ], [ -81.224976, 31.749444 ], [ -81.255976, 31.757949 ], [ -81.2551, 31.742698 ], [ -81.221508, 31.728476 ], [ -81.2125193, 31.7126166 ], [ -81.189091, 31.703228 ], [ -81.206617, 31.683403 ], [ -81.225806, 31.68656 ], [ -81.248015, 31.674038 ], [ -81.278825, 31.682298 ], [ -81.308385, 31.680033 ], [ -81.313796, 31.657414 ], [ -81.298313, 31.647698 ], [ -81.26579, 31.648973 ], [ -81.223343, 31.627916 ], [ -81.198882, 31.600949 ], [ -81.198807, 31.576986 ], [ -81.208151, 31.56283 ], [ -81.233405, 31.552974 ], [ -81.26803, 31.550972 ], [ -81.285396, 31.562229 ], [ -81.312214, 31.55052 ], [ -81.3085739, 31.57204 ], [ -81.321717, 31.56945 ], [ -81.314541, 31.538765 ], [ -81.2779694, 31.5104797 ], [ -81.306891, 31.483825 ], [ -81.331667, 31.477646 ], [ -81.3269703, 31.4605209 ], [ -81.305689, 31.443926 ], [ -81.321512, 31.421032 ], [ -81.317716, 31.410926 ], [ -81.333291, 31.39628 ], [ -81.337423, 31.358186 ], [ -81.335386, 31.331808 ], [ -81.371407, 31.338076 ], [ -81.435668, 31.341343 ], [ -81.439218, 31.318999 ], [ -81.434626, 31.311459 ], [ -81.415089, 31.303986 ], [ -81.407966, 31.288332 ], [ -81.387741, 31.281313 ], [ -81.40768, 31.264888 ], [ -81.435855, 31.226294 ], [ -81.433455, 31.214399 ], [ -81.457396, 31.193565 ], [ -81.463097, 31.17626 ], [ -81.4486027, 31.151857 ], [ -81.432311, 31.139709 ], [ -81.448934, 31.111747 ], [ -81.517404, 31.13459 ], [ -81.4646134, 31.0894111 ], [ -81.447013, 31.087087 ], [ -81.406952, 31.118437 ], [ -81.403214, 31.064005 ], [ -81.420474, 31.016703 ], [ -81.436546, 31.036414 ], [ -81.461942, 31.048856 ], [ -81.5040425, 31.1008536 ], [ -81.516095, 31.085176 ], [ -81.463457, 31.042851 ], [ -81.454457, 31.025595 ], [ -81.462381, 30.998047 ], [ -81.519633, 30.970218 ], [ -81.491143, 30.956141 ], [ -81.466415, 30.970819 ], [ -81.449499, 30.964954 ], [ -81.444284, 30.947398 ], [ -81.469032, 30.922068 ], [ -81.492127, 30.911678 ], [ -81.513892, 30.8771394 ], [ -81.48952, 30.858808 ], [ -81.486642, 30.843224 ], [ -81.543327, 30.849351 ], [ -81.53754, 30.834247 ], [ -81.517698, 30.836832 ], [ -81.499084, 30.81929 ], [ -81.490312, 30.757297 ], [ -81.502677, 30.727734 ], [ -81.546985, 30.719289 ], [ -81.598726, 30.728965 ], [ -81.6014288, 30.729522 ], [ -81.6040182, 30.729093 ], [ -81.6057022, 30.727429 ], [ -81.605821, 30.7235065 ], [ -81.6057307, 30.7226286 ], [ -81.6077868, 30.7162553 ], [ -81.6098763, 30.715935 ], [ -81.6118825, 30.7171426 ], [ -81.613731, 30.721918 ], [ -81.6151154, 30.7226954 ], [ -81.6155589, 30.722735 ], [ -81.6156948, 30.722735 ], [ -81.6161704, 30.7227051 ], [ -81.6230922, 30.7236436 ], [ -81.6232941, 30.7258425 ], [ -81.6208446, 30.7294973 ], [ -81.6207722, 30.7296845 ], [ -81.6209147, 30.7318946 ], [ -81.6211023, 30.732476 ], [ -81.6214117, 30.7331868 ], [ -81.6216525, 30.7335981 ], [ -81.6276978, 30.7359471 ], [ -81.6291559, 30.7323723 ], [ -81.629122, 30.7320746 ], [ -81.6308373, 30.7280991 ], [ -81.6351624, 30.7333562 ], [ -81.6357133, 30.7336997 ], [ -81.6372116, 30.733835 ], [ -81.6392961, 30.7321505 ], [ -81.6403732, 30.7306046 ], [ -81.6416707, 30.7290873 ], [ -81.6417659, 30.7290166 ], [ -81.6422375, 30.7288145 ], [ -81.6432764, 30.7283467 ], [ -81.6447646, 30.7278584 ], [ -81.6449134, 30.727826 ], [ -81.6475895, 30.7273969 ], [ -81.6524478, 30.7384686 ], [ -81.6522182, 30.7389492 ], [ -81.654885, 30.744335 ], [ -81.6568679, 30.7436956 ], [ -81.6597216, 30.742625 ], [ -81.6612816, 30.742435 ], [ -81.6635834, 30.7456163 ], [ -81.6632505, 30.7461179 ], [ -81.6618606, 30.7474479 ], [ -81.6605098, 30.7485277 ], [ -81.6597344, 30.7501785 ], [ -81.6597353, 30.7502614 ], [ -81.6816813, 30.7497559 ], [ -81.6798094, 30.7446956 ], [ -81.6738704, 30.7483724 ], [ -81.6718698, 30.748134 ], [ -81.6693782, 30.7457238 ], [ -81.6701008, 30.7402675 ], [ -81.6701633, 30.7402114 ], [ -81.6743468, 30.7390346 ], [ -81.6795278, 30.7415347 ], [ -81.6822186, 30.7416017 ], [ -81.6952717, 30.7483563 ], [ -81.6961323, 30.7480503 ], [ -81.7119617, 30.7474072 ], [ -81.7196479, 30.744634 ], [ -81.7245436, 30.746534 ], [ -81.7253803, 30.746534 ], [ -81.7257068, 30.7465659 ], [ -81.7266535, 30.7468218 ], [ -81.7281609, 30.7474566 ], [ -81.7285367, 30.7476779 ], [ -81.7423625, 30.7616768 ], [ -81.7416874, 30.7623115 ], [ -81.7710904, 30.7754665 ], [ -81.7710023, 30.7728259 ], [ -81.7723068, 30.7714684 ], [ -81.7732018, 30.7686167 ], [ -81.7735893, 30.7677032 ], [ -81.772006, 30.7637803 ], [ -81.7866901, 30.7697802 ], [ -81.7848129, 30.77135 ], [ -81.796475, 30.7857347 ], [ -81.796632, 30.7815291 ], [ -81.8225027, 30.7879676 ], [ -81.8241088, 30.7868511 ], [ -81.8400599, 30.7904922 ], [ -81.839883, 30.790812 ], [ -81.8419845, 30.7917795 ], [ -81.8435197, 30.7910443 ], [ -81.8541568, 30.7942202 ], [ -81.8548549, 30.7940237 ], [ -81.8587095, 30.7939084 ], [ -81.8590604, 30.7939069 ], [ -81.881858, 30.799961 ], [ -81.9027744, 30.8293886 ], [ -81.9046382, 30.828373 ], [ -81.9071142, 30.8261698 ], [ -81.9047476, 30.8174144 ], [ -81.9079171, 30.8168736 ], [ -81.9084209, 30.8159518 ], [ -81.9353477, 30.8211834 ], [ -81.9338391, 30.8222769 ], [ -81.9392377, 30.8296925 ], [ -81.9385944, 30.8275416 ], [ -81.9428638, 30.8281594 ], [ -81.9416803, 30.8256812 ], [ -81.9503445, 30.8271821 ], [ -81.9522695, 30.8254571 ], [ -81.9540691, 30.8242125 ], [ -81.959404, 30.821397 ], [ -81.9644796, 30.8169589 ], [ -81.961527, 30.8138512 ], [ -81.9639014, 30.8127381 ], [ -81.9628376, 30.808136 ], [ -81.9650081, 30.8069498 ], [ -81.9638658, 30.7954367 ], [ -81.9666095, 30.7939245 ], [ -81.9683117, 30.7923041 ], [ -81.9688911, 30.7914867 ], [ -81.9709067, 30.7838183 ], [ -81.9714343, 30.7833751 ], [ -81.9736212, 30.7787294 ], [ -81.9758449, 30.778357 ], [ -81.9786723, 30.7765703 ], [ -81.996324, 30.786654 ], [ -81.9978467, 30.7868564 ], [ -81.9993697, 30.7883425 ], [ -81.9997162, 30.7883807 ], [ -82.0043946, 30.7917093 ], [ -82.0060078, 30.7904887 ], [ -82.0080753, 30.7929053 ], [ -82.0090932, 30.7909265 ], [ -82.010409, 30.7913 ], [ -82.0140077, 30.7891807 ], [ -82.0164137, 30.791558 ], [ -82.0175406, 30.7876399 ], [ -82.0219507, 30.7882378 ], [ -82.0208091, 30.7789765 ], [ -82.0201391, 30.7787425 ], [ -82.0182071, 30.7724422 ], [ -82.0168645, 30.7725994 ], [ -82.0125367, 30.7615016 ], [ -82.0135979, 30.7615899 ], [ -82.0201616, 30.7546534 ], [ -82.0213653, 30.7551938 ], [ -82.0226446, 30.7535291 ], [ -82.02424, 30.7533709 ], [ -82.0283487, 30.7510054 ], [ -82.0300406, 30.7511996 ], [ -82.0321211, 30.7506524 ], [ -82.0362169, 30.7547424 ], [ -82.0402608, 30.7375757 ], [ -82.0392427, 30.7371073 ], [ -82.0440837, 30.7311963 ], [ -82.0425478, 30.7308692 ], [ -82.0453057, 30.7267381 ], [ -82.0448208, 30.7263275 ], [ -82.0439572, 30.7258265 ], [ -82.0421715, 30.7254232 ], [ -82.0395324, 30.7192519 ], [ -82.0379423, 30.7191902 ], [ -82.0389245, 30.7146825 ], [ -82.0377333, 30.7138463 ], [ -82.039818, 30.7020453 ], [ -82.0394459, 30.7016777 ], [ -82.0410521, 30.7005024 ], [ -82.0425819, 30.7010564 ], [ -82.0428202, 30.7003982 ], [ -82.0418289, 30.6999557 ], [ -82.0434859, 30.6962971 ], [ -82.0418932, 30.6963534 ], [ -82.0483897, 30.6819819 ], [ -82.0466265, 30.6816396 ], [ -82.0470126, 30.6607245 ], [ -82.0487401, 30.6627903 ], [ -82.04871, 30.6547254 ], [ -82.0479128, 30.6541702 ], [ -82.0471756, 30.6533521 ], [ -82.0453587, 30.6534125 ], [ -82.0448601, 30.6523951 ], [ -82.0455659, 30.6526282 ], [ -82.0455985, 30.6516711 ], [ -82.0450195, 30.6512478 ], [ -82.0427239, 30.6497935 ], [ -82.0424988, 30.6496884 ], [ -82.0402847, 30.6388993 ], [ -82.0395248, 30.638924 ], [ -82.0404603, 30.6359984 ], [ -82.0394139, 30.6359805 ], [ -82.039222, 30.6339957 ], [ -82.0387311, 30.6337752 ], [ -82.0367257, 30.6299731 ], [ -82.0357204, 30.6299347 ], [ -82.0313705, 30.6238461 ], [ -82.0309514, 30.6225892 ], [ -82.0317915, 30.6198855 ], [ -82.029321, 30.6201337 ], [ -82.0294526, 30.6204252 ], [ -82.0299772, 30.6214668 ], [ -82.0299568, 30.6219692 ], [ -82.0299303, 30.6220271 ], [ -82.0298322, 30.622169 ], [ -82.0294739, 30.6224348 ], [ -82.0294594, 30.6224408 ], [ -82.0287463, 30.622364 ], [ -82.0286713, 30.6211163 ], [ -82.027943, 30.6198715 ], [ -82.0280652, 30.6190859 ], [ -82.0281309, 30.6181747 ], [ -82.0281187, 30.6181509 ], [ -82.026964, 30.6151221 ], [ -82.0269859, 30.612552 ], [ -82.0287549, 30.61187 ], [ -82.0267865, 30.6107023 ], [ -82.0267805, 30.6106566 ], [ -82.0270428, 30.6079075 ], [ -82.0273037, 30.6069931 ], [ -82.02657, 30.606107 ], [ -82.0261084, 30.6060497 ], [ -82.023208, 30.6061018 ], [ -82.0212922, 30.604452 ], [ -82.0203593, 30.6039001 ], [ -82.0174463, 30.602752 ], [ -82.0157901, 30.6017846 ], [ -82.0155427, 30.6009686 ], [ -82.0151024, 30.6003433 ], [ -82.0150465, 30.59949 ], [ -82.0145091, 30.5979958 ], [ -82.0142992, 30.5972783 ], [ -82.014282, 30.5968098 ], [ -82.0144902, 30.5963894 ], [ -82.013315, 30.5951507 ], [ -82.0133652, 30.5948303 ], [ -82.0132526, 30.5946688 ], [ -82.0131056, 30.5945912 ], [ -82.0123719, 30.5942041 ], [ -82.0124779, 30.590045 ], [ -82.0120814, 30.589859 ], [ -82.0112029, 30.5889772 ], [ -82.0112409, 30.5888265 ], [ -82.0113448, 30.5867451 ], [ -82.0110784, 30.5871559 ], [ -82.0103024, 30.5856083 ], [ -82.0103321, 30.5855785 ], [ -82.0108689, 30.5841085 ], [ -82.0107185, 30.5836504 ], [ -82.008856, 30.5828817 ], [ -82.0088351, 30.581703 ], [ -82.0082573, 30.5812918 ], [ -82.0088556, 30.5804883 ], [ -82.0089781, 30.5803969 ], [ -82.0089976, 30.5803416 ], [ -82.0090125, 30.5802516 ], [ -82.0088594, 30.5800063 ], [ -82.008703, 30.5799547 ], [ -82.0077774, 30.5796489 ], [ -82.0070091, 30.5791117 ], [ -82.0069481, 30.5790443 ], [ -82.006889, 30.5789186 ], [ -82.0068242, 30.5784092 ], [ -82.0062089, 30.5773269 ], [ -82.0061667, 30.5772665 ], [ -82.0079649, 30.5771393 ], [ -82.0080489, 30.5769231 ], [ -82.0062323, 30.5750955 ], [ -82.0068143, 30.5747768 ], [ -82.0078292, 30.575063 ], [ -82.0080441, 30.5744023 ], [ -82.0072942, 30.573694 ], [ -82.0071168, 30.5723104 ], [ -82.0081305, 30.5719345 ], [ -82.0081564, 30.5694351 ], [ -82.0078177, 30.5690685 ], [ -82.0062611, 30.566745 ], [ -82.005988, 30.566188 ], [ -82.0070384, 30.5644415 ], [ -82.0083277, 30.5642347 ], [ -82.0072211, 30.5633694 ], [ -82.007135, 30.5634149 ], [ -82.0068861, 30.5635462 ], [ -82.0063728, 30.563817 ], [ -82.0062919, 30.5638597 ], [ -82.0062375, 30.5638862 ], [ -82.0057597, 30.5639745 ], [ -82.0054944, 30.5638468 ], [ -82.0056942, 30.5632915 ], [ -82.006553, 30.5628585 ], [ -82.0093635, 30.5608417 ], [ -82.0102263, 30.561383 ], [ -82.0106033, 30.5608983 ], [ -82.0106239, 30.5597387 ], [ -82.0100922, 30.5579772 ], [ -82.0091763, 30.5580444 ], [ -82.0095182, 30.5558887 ], [ -82.008712, 30.5549492 ], [ -82.0105272, 30.5537364 ], [ -82.0109782, 30.5536539 ], [ -82.0110841, 30.552887 ], [ -82.0099455, 30.5517041 ], [ -82.0115142, 30.5505161 ], [ -82.0122486, 30.550663 ], [ -82.0132279, 30.549797 ], [ -82.0132423, 30.5494415 ], [ -82.0132404, 30.5494205 ], [ -82.0137677, 30.5473835 ], [ -82.0140602, 30.546496 ], [ -82.0134662, 30.5427078 ], [ -82.0144615, 30.5412125 ], [ -82.0147067, 30.5404821 ], [ -82.0158559, 30.5388163 ], [ -82.0159919, 30.5383989 ], [ -82.0162179, 30.5375314 ], [ -82.0164296, 30.5370227 ], [ -82.0174157, 30.5351049 ], [ -82.0177193, 30.5334407 ], [ -82.0180099, 30.533405 ], [ -82.0189448, 30.5332198 ], [ -82.0177777, 30.5326604 ], [ -82.0176213, 30.5322545 ], [ -82.018361, 30.5314533 ], [ -82.018361, 30.5312556 ], [ -82.0182724, 30.5311376 ], [ -82.0179998, 30.5309946 ], [ -82.0173527, 30.5306182 ], [ -82.0177291, 30.5296338 ], [ -82.0175804, 30.5283458 ], [ -82.015434, 30.528454 ], [ -82.0154701, 30.5282426 ], [ -82.0160918, 30.5271709 ], [ -82.0168269, 30.5269861 ], [ -82.0181693, 30.527543 ], [ -82.0181565, 30.5270188 ], [ -82.017887, 30.5261606 ], [ -82.0183216, 30.5235604 ], [ -82.017147, 30.5238268 ], [ -82.0164265, 30.5215531 ], [ -82.0167465, 30.5213539 ], [ -82.0176781, 30.5208018 ], [ -82.0185252, 30.5198182 ], [ -82.0182838, 30.5188621 ], [ -82.0164047, 30.5200433 ], [ -82.0154698, 30.5198149 ], [ -82.0154853, 30.5187708 ], [ -82.015796, 30.517887 ], [ -82.01576, 30.5175527 ], [ -82.0156124, 30.5171003 ], [ -82.0153953, 30.5164409 ], [ -82.0150758, 30.5097456 ], [ -82.0154499, 30.5084449 ], [ -82.0168912, 30.5041282 ], [ -82.0168914, 30.5039004 ], [ -82.0168916, 30.5034237 ], [ -82.0170366, 30.5018872 ], [ -82.0154547, 30.4995859 ], [ -82.015626, 30.499457 ], [ -82.015494, 30.498463 ], [ -82.0155578, 30.4982986 ], [ -82.0177134, 30.4956585 ], [ -82.0157253, 30.4951508 ], [ -82.018007, 30.4920263 ], [ -82.0172044, 30.4916732 ], [ -82.0176745, 30.4896322 ], [ -82.0167825, 30.4891787 ], [ -82.0171562, 30.4856973 ], [ -82.0161595, 30.4850858 ], [ -82.015547, 30.4839666 ], [ -82.0160831, 30.4837569 ], [ -82.0162869, 30.4838523 ], [ -82.0174203, 30.4843781 ], [ -82.0192118, 30.4828642 ], [ -82.0177337, 30.4805593 ], [ -82.0177129, 30.4804996 ], [ -82.0175929, 30.4795725 ], [ -82.019093, 30.4786363 ], [ -82.0180539, 30.4779854 ], [ -82.0178634, 30.4770417 ], [ -82.0170885, 30.4760391 ], [ -82.0170549, 30.4749361 ], [ -82.0171005, 30.4748825 ], [ -82.0171305, 30.4748525 ], [ -82.0178881, 30.4736691 ], [ -82.0239199, 30.4638389 ], [ -82.0237947, 30.4637195 ], [ -82.022308, 30.4612767 ], [ -82.0223216, 30.4612368 ], [ -82.0232728, 30.460164 ], [ -82.023313, 30.4600643 ], [ -82.025364, 30.4575727 ], [ -82.0253709, 30.4574589 ], [ -82.0253777, 30.4574266 ], [ -82.0255095, 30.4571931 ], [ -82.0283823, 30.4550675 ], [ -82.0270153, 30.4539994 ], [ -82.027123, 30.4533351 ], [ -82.0271881, 30.4521312 ], [ -82.0282138, 30.4524042 ], [ -82.0286707, 30.4525364 ], [ -82.0286796, 30.4516521 ], [ -82.0287505, 30.4513678 ], [ -82.0296215, 30.4507562 ], [ -82.0287975, 30.4499458 ], [ -82.0284129, 30.4495179 ], [ -82.028311, 30.4492752 ], [ -82.0317639, 30.4433609 ], [ -82.0323686, 30.4417048 ], [ -82.0330617, 30.4419961 ], [ -82.033153, 30.4423275 ], [ -82.0339977, 30.4421217 ], [ -82.0342954, 30.4407547 ], [ -82.039756, 30.434866 ], [ -82.038955, 30.4348014 ], [ -82.0388516, 30.4354998 ], [ -82.0352218, 30.4287567 ], [ -82.035306, 30.4283834 ], [ -82.034257, 30.4262154 ], [ -82.0358629, 30.4252055 ], [ -82.0351357, 30.4229759 ], [ -82.035179, 30.4228057 ], [ -82.0340591, 30.4200954 ], [ -82.0368482, 30.4189421 ], [ -82.0370295, 30.4182494 ], [ -82.0391595, 30.4179743 ], [ -82.0397889, 30.4179227 ], [ -82.040624, 30.4175616 ], [ -82.0401509, 30.4173191 ], [ -82.0396981, 30.4173972 ], [ -82.0392191, 30.4171438 ], [ -82.0409673, 30.4165953 ], [ -82.0412788, 30.4165504 ], [ -82.0419223, 30.416419 ], [ -82.0425916, 30.4161617 ], [ -82.0428226, 30.4160114 ], [ -82.0430399, 30.4158061 ], [ -82.0433219, 30.4155255 ], [ -82.0437163, 30.414589 ], [ -82.0437142, 30.4145757 ], [ -82.040914, 30.4141145 ], [ -82.0431058, 30.4133485 ], [ -82.0433742, 30.4123983 ], [ -82.0432973, 30.4123499 ], [ -82.0426599, 30.4121113 ], [ -82.0421375, 30.4119157 ], [ -82.041868, 30.4115171 ], [ -82.0428101, 30.4109919 ], [ -82.043007, 30.4109371 ], [ -82.0434647, 30.410746 ], [ -82.0435723, 30.4097389 ], [ -82.0435634, 30.40928 ], [ -82.0438751, 30.4081707 ], [ -82.0438769, 30.4081572 ], [ -82.0414966, 30.4063443 ], [ -82.0417877, 30.4061626 ], [ -82.0418517, 30.4061428 ], [ -82.0440148, 30.4055094 ], [ -82.0434112, 30.4005684 ], [ -82.0431484, 30.3998543 ], [ -82.0425632, 30.3980025 ], [ -82.0424654, 30.3977311 ], [ -82.0423015, 30.3972653 ], [ -82.0394732, 30.3923816 ], [ -82.0398451, 30.3917927 ], [ -82.0358258, 30.3847731 ], [ -82.0368851, 30.3843223 ], [ -82.0370753, 30.3841696 ], [ -82.037305, 30.3835342 ], [ -82.0374939, 30.3830156 ], [ -82.0381541, 30.3821764 ], [ -82.036877, 30.3815086 ], [ -82.0371798, 30.3807945 ], [ -82.037611, 30.3801401 ], [ -82.0376179, 30.3801151 ], [ -82.0376355, 30.3798164 ], [ -82.0375785, 30.3796185 ], [ -82.0367903, 30.378523 ], [ -82.0380377, 30.3774444 ], [ -82.0380315, 30.377042 ], [ -82.038541, 30.37582 ], [ -82.0387176, 30.3745286 ], [ -82.0367612, 30.374915 ], [ -82.0379608, 30.3724313 ], [ -82.0371781, 30.371969 ], [ -82.040746, 30.3702467 ], [ -82.0406214, 30.370118 ], [ -82.041814, 30.3679569 ], [ -82.0417271, 30.3676664 ], [ -82.0444852, 30.3670702 ], [ -82.0421375, 30.3660138 ], [ -82.0421314, 30.3660074 ], [ -82.0420158, 30.3658046 ], [ -82.0437828, 30.3650798 ], [ -82.044185, 30.365961 ], [ -82.0453286, 30.3655367 ], [ -82.0453088, 30.3654103 ], [ -82.045308, 30.3653942 ], [ -82.045308, 30.3653301 ], [ -82.0473487, 30.3651035 ], [ -82.047644, 30.3636191 ], [ -82.0605069, 30.3602976 ], [ -82.0614318, 30.3603297 ], [ -82.0626591, 30.3604012 ], [ -82.0639149, 30.3586059 ], [ -82.0655297, 30.3583665 ], [ -82.0651631, 30.3562194 ], [ -82.0663271, 30.3558107 ], [ -82.0728507, 30.3614307 ], [ -82.073287, 30.361336 ], [ -82.0740888, 30.3610564 ], [ -82.0775174, 30.3598547 ], [ -82.0777018, 30.35979 ], [ -82.0777696, 30.3597663 ], [ -82.0783383, 30.3595669 ], [ -82.0798215, 30.359047 ], [ -82.0800279, 30.3589746 ], [ -82.0802314, 30.3589306 ], [ -82.0836427, 30.3603794 ], [ -82.0840309, 30.360391 ], [ -82.0903274, 30.3612232 ], [ -82.0907474, 30.3611206 ], [ -82.0910153, 30.3610548 ], [ -82.0942992, 30.3607351 ], [ -82.0963055, 30.3619506 ], [ -82.0966412, 30.3626211 ], [ -82.0983516, 30.3633892 ], [ -82.0983048, 30.3638518 ], [ -82.0983344, 30.3638876 ], [ -82.0983419, 30.3638947 ], [ -82.0989681, 30.3639909 ], [ -82.0994997, 30.3635326 ], [ -82.0999113, 30.3632685 ], [ -82.1010787, 30.362793 ], [ -82.1014647, 30.3633598 ], [ -82.1008989, 30.3637631 ], [ -82.1007856, 30.36456 ], [ -82.1015796, 30.3642541 ], [ -82.1021579, 30.364134 ], [ -82.1021902, 30.3641511 ], [ -82.102307, 30.3646055 ], [ -82.1022927, 30.3646332 ], [ -82.1028545, 30.3678611 ], [ -82.1031086, 30.3678428 ], [ -82.1039165, 30.3678179 ], [ -82.1046936, 30.36814 ], [ -82.1048226, 30.3683044 ], [ -82.1048359, 30.3683253 ], [ -82.1049207, 30.3686018 ], [ -82.1049596, 30.3687284 ], [ -82.1049959, 30.3687835 ], [ -82.1070175, 30.3671933 ], [ -82.107291, 30.3670603 ], [ -82.10752, 30.3670151 ], [ -82.1086282, 30.3673 ], [ -82.1098742, 30.366715 ], [ -82.1098856, 30.3667144 ], [ -82.1099869, 30.3657563 ], [ -82.1098704, 30.3655838 ], [ -82.1102073, 30.3652483 ], [ -82.1106801, 30.365446 ], [ -82.110852, 30.365563 ], [ -82.111418, 30.3674507 ], [ -82.112927, 30.3668983 ], [ -82.1132514, 30.3674531 ], [ -82.1142551, 30.3678361 ], [ -82.115563, 30.3681 ], [ -82.1176361, 30.3646225 ], [ -82.1213852, 30.3653058 ], [ -82.121586, 30.3654169 ], [ -82.1221245, 30.3667339 ], [ -82.1235861, 30.3660109 ], [ -82.1251547, 30.3665711 ], [ -82.1273472, 30.3679852 ], [ -82.1284978, 30.3672762 ], [ -82.1285635, 30.3672493 ], [ -82.1280668, 30.3653116 ], [ -82.1294081, 30.3649209 ], [ -82.1298274, 30.3643594 ], [ -82.1299823, 30.3641406 ], [ -82.1301234, 30.3640015 ], [ -82.1304491, 30.3637823 ], [ -82.132063, 30.3631472 ], [ -82.1323134, 30.3630076 ], [ -82.1333294, 30.3624413 ], [ -82.1343143, 30.3621207 ], [ -82.1355924, 30.3622637 ], [ -82.1362822, 30.3623921 ], [ -82.1374281, 30.3631819 ], [ -82.1377185, 30.364318 ], [ -82.1379648, 30.3643752 ], [ -82.1390714, 30.3648525 ], [ -82.1392974, 30.3649153 ], [ -82.1395922, 30.3649448 ], [ -82.142352, 30.363638 ], [ -82.142605, 30.363558 ], [ -82.1432767, 30.3633943 ], [ -82.1433063, 30.3633962 ], [ -82.1437099, 30.3634494 ], [ -82.1440629, 30.3634959 ], [ -82.1448507, 30.3623184 ], [ -82.1460202, 30.3624273 ], [ -82.1468064, 30.3618509 ], [ -82.1478262, 30.3621868 ], [ -82.1488759, 30.3609633 ], [ -82.150261, 30.3617923 ], [ -82.151745, 30.3612323 ], [ -82.1531792, 30.3611811 ], [ -82.153971, 30.3605998 ], [ -82.1541021, 30.3605289 ], [ -82.1568876, 30.3600748 ], [ -82.1580754, 30.3599339 ], [ -82.1589122, 30.3587889 ], [ -82.1595388, 30.3587337 ], [ -82.1610833, 30.3582895 ], [ -82.1612585, 30.3582442 ], [ -82.1618554, 30.3571706 ], [ -82.1638138, 30.3586472 ], [ -82.1643205, 30.3580914 ], [ -82.1648037, 30.358172 ], [ -82.1651272, 30.3580909 ], [ -82.1658789, 30.358387 ], [ -82.1663928, 30.3589237 ], [ -82.1673653, 30.3599867 ], [ -82.1684305, 30.359638 ], [ -82.1688846, 30.3595494 ], [ -82.1688931, 30.3595468 ], [ -82.1691675, 30.359261 ], [ -82.1693568, 30.3590639 ], [ -82.1694664, 30.3589929 ], [ -82.170785, 30.3595844 ], [ -82.1715204, 30.3598826 ], [ -82.1719969, 30.3604047 ], [ -82.172068, 30.3607391 ], [ -82.172794, 30.3615809 ], [ -82.176059, 30.3663889 ], [ -82.1767564, 30.3664441 ], [ -82.1801813, 30.3686072 ], [ -82.1809005, 30.3685388 ], [ -82.1813013, 30.3707821 ], [ -82.1807607, 30.3714987 ], [ -82.1817667, 30.3729347 ], [ -82.1836006, 30.3735062 ], [ -82.1931113, 30.3838721 ], [ -82.1921669, 30.3839924 ], [ -82.1933115, 30.386178 ], [ -82.1932957, 30.3862349 ], [ -82.1932851, 30.3862568 ], [ -82.1931905, 30.3866529 ], [ -82.19927, 30.3900594 ], [ -82.1980997, 30.3911121 ], [ -82.2003542, 30.39384 ], [ -82.2003303, 30.3942529 ], [ -82.2046743, 30.4028225 ], [ -82.203437, 30.4034605 ], [ -82.2040865, 30.4057116 ], [ -82.2041563, 30.4058092 ], [ -82.2067741, 30.4069818 ], [ -82.2055975, 30.4078543 ], [ -82.2064244, 30.4100268 ], [ -82.2057807, 30.4116735 ], [ -82.2083691, 30.4143939 ], [ -82.2082841, 30.4145657 ], [ -82.208257, 30.4146009 ], [ -82.2079209, 30.414951 ], [ -82.207814, 30.415038 ], [ -82.2064323, 30.4170928 ], [ -82.2080161, 30.417436 ], [ -82.2076264, 30.4181606 ], [ -82.2085208, 30.4197561 ], [ -82.2074783, 30.4205944 ], [ -82.2074586, 30.4206285 ], [ -82.2074352, 30.4206751 ], [ -82.2092174, 30.4216176 ], [ -82.2091742, 30.4217514 ], [ -82.2101087, 30.4237503 ], [ -82.2101317, 30.4240188 ], [ -82.2108469, 30.4253278 ], [ -82.209706, 30.4267453 ], [ -82.2093432, 30.4276604 ], [ -82.2090823, 30.4281543 ], [ -82.2098304, 30.4289109 ], [ -82.2096425, 30.429193 ], [ -82.2095736, 30.4307884 ], [ -82.2087264, 30.4315914 ], [ -82.2097275, 30.432997 ], [ -82.2090969, 30.4333681 ], [ -82.2089427, 30.4341644 ], [ -82.2074864, 30.4345019 ], [ -82.207174, 30.4350551 ], [ -82.2068648, 30.4352933 ], [ -82.2073332, 30.439202 ], [ -82.2071905, 30.4392653 ], [ -82.2060583, 30.4399242 ], [ -82.2060101, 30.4400661 ], [ -82.2058071, 30.4407975 ], [ -82.2051205, 30.441393 ], [ -82.2050903, 30.4421838 ], [ -82.2046676, 30.4425355 ], [ -82.2043741, 30.4440836 ], [ -82.2039886, 30.4446625 ], [ -82.2045891, 30.4470911 ], [ -82.2045708, 30.44761 ], [ -82.2053338, 30.4489946 ], [ -82.2050865, 30.4499758 ], [ -82.205601, 30.4508591 ], [ -82.2048969, 30.4512824 ], [ -82.2047656, 30.4518939 ], [ -82.204214, 30.4526632 ], [ -82.2076793, 30.4605457 ], [ -82.2075175, 30.4608309 ], [ -82.2073857, 30.4613037 ], [ -82.2066809, 30.4616612 ], [ -82.206482, 30.4619854 ], [ -82.2061847, 30.4623278 ], [ -82.2063069, 30.4628963 ], [ -82.2060809, 30.4636276 ], [ -82.2065591, 30.4653935 ], [ -82.2066462, 30.4658373 ], [ -82.2066035, 30.4660439 ], [ -82.2064905, 30.4664013 ], [ -82.2065765, 30.4671873 ], [ -82.2064024, 30.4676108 ], [ -82.2064421, 30.4681919 ], [ -82.2050101, 30.4683949 ], [ -82.2046307, 30.46994 ], [ -82.2043818, 30.4706051 ], [ -82.20435, 30.470771 ], [ -82.203549, 30.4710145 ], [ -82.2035429, 30.4714144 ], [ -82.2009626, 30.4750437 ], [ -82.2014381, 30.4773011 ], [ -82.2013368, 30.4776437 ], [ -82.2024059, 30.4809931 ], [ -82.2023065, 30.4813764 ], [ -82.2031569, 30.4824623 ], [ -82.202857, 30.4828229 ], [ -82.2026645, 30.4834793 ], [ -82.2014289, 30.4849232 ], [ -82.2030415, 30.4874176 ], [ -82.2030466, 30.4874824 ], [ -82.2065399, 30.4915936 ], [ -82.2064477, 30.4919351 ], [ -82.2126452, 30.499106 ], [ -82.2123264, 30.4995696 ], [ -82.2123217, 30.5001425 ], [ -82.2125939, 30.5004832 ], [ -82.2127097, 30.5005902 ], [ -82.2144633, 30.5016987 ], [ -82.2147672, 30.501643 ], [ -82.2158445, 30.5021755 ], [ -82.216057, 30.502451 ], [ -82.216368, 30.503095 ], [ -82.2165208, 30.5032329 ], [ -82.2180055, 30.504455 ], [ -82.218591, 30.5042061 ], [ -82.2188212, 30.5042632 ], [ -82.2196254, 30.5045993 ], [ -82.2209063, 30.5052528 ], [ -82.2214653, 30.5057437 ], [ -82.2235173, 30.5068415 ], [ -82.2245404, 30.507543 ], [ -82.225203, 30.5080336 ], [ -82.2256875, 30.508988 ], [ -82.2257042, 30.5090041 ], [ -82.2268116, 30.5101178 ], [ -82.2270229, 30.5109537 ], [ -82.2271237, 30.5117079 ], [ -82.228745, 30.5151589 ], [ -82.2303604, 30.5177844 ], [ -82.2301516, 30.5182231 ], [ -82.2295514, 30.5194428 ], [ -82.2294649, 30.5200166 ], [ -82.2294066, 30.5208724 ], [ -82.2295395, 30.5215547 ], [ -82.2298397, 30.5222322 ], [ -82.230062, 30.5233505 ], [ -82.230062, 30.5242965 ], [ -82.232309, 30.5278394 ], [ -82.2328731, 30.5282821 ], [ -82.2361636, 30.5312376 ], [ -82.2361845, 30.5312585 ], [ -82.2361982, 30.5312721 ], [ -82.2371837, 30.5321448 ], [ -82.2375134, 30.5324225 ], [ -82.2377758, 30.5329764 ], [ -82.2384027, 30.5337543 ], [ -82.2384367, 30.5337823 ], [ -82.2395382, 30.5358802 ], [ -82.2400771, 30.5371652 ], [ -82.2402295, 30.5374347 ], [ -82.2403669, 30.5377013 ], [ -82.2403552, 30.5381081 ], [ -82.2400438, 30.5401586 ], [ -82.2396884, 30.5405793 ], [ -82.2393035, 30.5424133 ], [ -82.2391519, 30.5447303 ], [ -82.2387567, 30.5456812 ], [ -82.2363464, 30.5475576 ], [ -82.2339991, 30.5510496 ], [ -82.2339909, 30.5511027 ], [ -82.2343288, 30.5559026 ], [ -82.2343027, 30.5571828 ], [ -82.2295268, 30.5613305 ], [ -82.2293828, 30.5614538 ], [ -82.228695, 30.5620425 ], [ -82.2265321, 30.5636336 ], [ -82.2252775, 30.5644325 ], [ -82.224667, 30.5647495 ], [ -82.2241487, 30.5650187 ], [ -82.2209684, 30.565652 ], [ -82.2206704, 30.5656123 ], [ -82.2197594, 30.5654812 ], [ -82.2197139, 30.5654747 ], [ -82.2182813, 30.5652984 ], [ -82.2144237, 30.5669395 ], [ -82.2146761, 30.5680051 ], [ -82.2148322, 30.5685667 ], [ -82.2293456, 30.5695677 ], [ -82.2294519, 30.5695748 ], [ -82.233226, 30.569831 ], [ -82.2453324, 30.5705832 ], [ -82.2578279, 30.5715361 ], [ -82.2581274, 30.57156 ], [ -82.258192, 30.571562 ], [ -82.2582568, 30.5715647 ], [ -82.277851, 30.572841 ], [ -82.2804835, 30.5730122 ], [ -82.3018185, 30.574378 ], [ -82.3051194, 30.5745875 ], [ -82.30891, 30.574828 ], [ -82.3164209, 30.5753057 ], [ -82.3347982, 30.5764724 ], [ -82.3558836, 30.5778072 ], [ -82.3748449, 30.5790041 ], [ -82.3839889, 30.5795734 ], [ -82.4029136, 30.5807494 ], [ -82.4067111, 30.580985 ], [ -82.4098836, 30.5811825 ], [ -82.4309664, 30.5824958 ], [ -82.4381836, 30.5829451 ], [ -82.4558512, 30.5840429 ], [ -82.525107, 30.5882204 ], [ -82.5252568, 30.588243 ], [ -82.5260555, 30.5882672 ], [ -82.530011, 30.588511 ], [ -82.5300187, 30.5885114 ], [ -82.5320922, 30.5886039 ], [ -82.5335071, 30.5886892 ], [ -82.5340214, 30.5887196 ], [ -82.5359691, 30.5888402 ], [ -82.5434119, 30.5892724 ], [ -82.5492488, 30.5896576 ], [ -82.553152, 30.5899335 ], [ -82.5531774, 30.589935 ], [ -82.595735, 30.59253 ], [ -82.5957448, 30.5925306 ], [ -82.5973742, 30.5926271 ], [ -82.5990769, 30.5927278 ], [ -82.5999726, 30.5927809 ], [ -82.6001478, 30.5927912 ], [ -82.6210684, 30.5939796 ], [ -82.6251941, 30.5942101 ], [ -82.656882, 30.5959235 ], [ -82.6598323, 30.5960833 ], [ -82.6627511, 30.5962415 ], [ -82.6738665, 30.5968499 ], [ -82.6890907, 30.5977088 ], [ -82.689374, 30.5977247 ], [ -82.6894913, 30.5977311 ], [ -82.6976022, 30.5981763 ], [ -82.6978972, 30.5981925 ], [ -82.6989433, 30.5982737 ], [ -82.7278933, 30.6002101 ], [ -82.7279084, 30.6002111 ], [ -82.7474755, 30.6010538 ], [ -82.874857, 30.608867 ], [ -82.887083, 30.609572 ], [ -82.8901478, 30.6097532 ], [ -82.923632, 30.611727 ], [ -82.9365734, 30.612479 ], [ -82.957343, 30.61374 ], [ -82.9796538, 30.6150432 ], [ -82.9956473, 30.6159784 ], [ -82.999859, 30.616225 ], [ -83.0052612, 30.6164765 ], [ -83.0057473, 30.6165016 ], [ -83.0252756, 30.6175691 ], [ -83.0375326, 30.6183761 ], [ -83.037713, 30.618388 ], [ -83.051004, 30.619193 ], [ -83.0516907, 30.6192338 ], [ -83.055898, 30.619483 ], [ -83.0617509, 30.6198324 ], [ -83.065224, 30.620039 ], [ -83.084133, 30.621106 ], [ -83.0859469, 30.621206 ], [ -83.09809, 30.621879 ], [ -83.098105, 30.6218798 ], [ -83.0982363, 30.6218864 ], [ -83.1186661, 30.6229597 ], [ -83.123643, 30.623221 ], [ -83.136614, 30.623967 ], [ -83.13283, 30.758533 ], [ -83.136193, 30.769905 ], [ -83.124865, 30.803655 ], [ -83.104365, 30.803703 ], [ -83.103223, 30.829582 ], [ -83.148359, 30.82987 ], [ -83.155156, 30.839814 ], [ -83.15958, 30.884686 ], [ -83.195833, 30.919836 ], [ -83.216346, 30.908605 ], [ -83.242692, 30.933985 ], [ -83.244554, 30.973802 ], [ -83.218955, 30.973274 ], [ -83.220568, 30.991481 ], [ -83.179874, 31.005676 ], [ -83.179465, 30.950128 ], [ -83.042924, 30.947296 ], [ -83.036369, 30.916011 ], [ -83.020491, 30.901364 ], [ -83.02456, 30.851504 ], [ -82.971336, 30.869392 ], [ -82.969798, 31.097036 ], [ -82.971247, 31.183988 ], [ -82.740386, 31.183012 ], [ -82.671669, 31.183739 ], [ -82.690838, 31.223364 ], [ -82.70105, 31.223217 ], [ -82.699206, 31.278104 ], [ -82.663584, 31.287913 ], [ -82.629622, 31.274726 ], [ -82.628975, 31.36393 ] ] ], [ [ [ -81.107619, 31.853173 ], [ -81.077759, 31.82928 ], [ -81.037323, 31.821176 ], [ -81.062042, 31.776908 ], [ -81.09574, 31.755212 ], [ -81.130634, 31.722692 ], [ -81.169837, 31.756152 ], [ -81.1583835, 31.7792566 ], [ -81.180376, 31.79323 ], [ -81.175706, 31.816765 ], [ -81.162098, 31.819032 ], [ -81.154498, 31.837501 ], [ -81.13511, 31.851955 ], [ -81.107619, 31.853173 ] ] ], [ [ [ -81.133357, 31.697764 ], [ -81.1334931, 31.623348 ], [ -81.160364, 31.570436 ], [ -81.178822, 31.55553 ], [ -81.188716, 31.574286 ], [ -81.1769418, 31.5908084 ], [ -81.195171, 31.665528 ], [ -81.17304, 31.668142 ], [ -81.166636, 31.664726 ], [ -81.159428, 31.669789 ], [ -81.151888, 31.698411 ], [ -81.133357, 31.697764 ] ] ], [ [ [ -81.158216, 31.69124 ], [ -81.163179, 31.667705 ], [ -81.176951, 31.670548 ], [ -81.186169, 31.667455 ], [ -81.195226, 31.671945 ], [ -81.191529, 31.681273 ], [ -81.158216, 31.69124 ] ] ], [ [ [ -81.189645, 31.533702 ], [ -81.177254, 31.517074 ], [ -81.204883, 31.473124 ], [ -81.243787, 31.426613 ], [ -81.266616, 31.385226 ], [ -81.280417, 31.383726 ], [ -81.308576, 31.426601 ], [ -81.302535, 31.440902 ], [ -81.304005, 31.457517 ], [ -81.296972, 31.462099 ], [ -81.29927, 31.468585 ], [ -81.291996, 31.4798361 ], [ -81.295016, 31.485933 ], [ -81.259016, 31.498687 ], [ -81.239083, 31.527291 ], [ -81.189645, 31.533702 ] ] ], [ [ [ -81.223866, 31.662934 ], [ -81.200626, 31.657852 ], [ -81.183302, 31.615653 ], [ -81.200951, 31.617921 ], [ -81.240552, 31.652385 ], [ -81.223866, 31.662934 ] ] ], [ [ [ -81.336501, 31.309258 ], [ -81.316855, 31.307426 ], [ -81.297132, 31.290375 ], [ -81.274688, 31.289454 ], [ -81.278197, 31.253428 ], [ -81.29077, 31.216485 ], [ -81.3120769, 31.222102 ], [ -81.323573, 31.242131 ], [ -81.310209, 31.268467 ], [ -81.327316, 31.292552 ], [ -81.357665, 31.301391 ], [ -81.380395, 31.295359 ], [ -81.383907, 31.314084 ], [ -81.336501, 31.309258 ] ] ], [ [ [ -81.28462, 31.55902 ], [ -81.296587, 31.536105 ], [ -81.314087, 31.54745 ], [ -81.28462, 31.55902 ] ] ], [ [ [ -81.293894, 31.479837 ], [ -81.299296, 31.474291 ], [ -81.300742, 31.468631 ], [ -81.298469, 31.462581 ], [ -81.3119919, 31.450841 ], [ -81.32833, 31.476555 ], [ -81.293894, 31.479837 ] ] ], [ [ [ -81.313681, 31.36637 ], [ -81.2952904, 31.3412361 ], [ -81.301746, 31.322208 ], [ -81.324439, 31.331672 ], [ -81.336729, 31.359974 ], [ -81.313681, 31.36637 ] ] ], [ [ [ -81.303825, 31.370587 ], [ -81.332057, 31.366644 ], [ -81.330831, 31.385578 ], [ -81.317447, 31.392844 ], [ -81.303825, 31.370587 ] ] ], [ [ [ -81.354007, 31.298504 ], [ -81.326862, 31.289596 ], [ -81.314078, 31.265969 ], [ -81.330059, 31.263607 ], [ -81.329943, 31.217379 ], [ -81.349013, 31.223195 ], [ -81.352354, 31.180498 ], [ -81.366284, 31.159682 ], [ -81.359773, 31.145522 ], [ -81.391333, 31.132871 ], [ -81.408971, 31.135718 ], [ -81.4188, 31.151006 ], [ -81.408107, 31.171815 ], [ -81.418153, 31.186048 ], [ -81.396233, 31.203966 ], [ -81.396885, 31.240887 ], [ -81.390565, 31.239052 ], [ -81.384319, 31.24707 ], [ -81.393408, 31.260781 ], [ -81.380102, 31.29309 ], [ -81.354007, 31.298504 ] ] ], [ [ [ -81.37482, 31.32751 ], [ -81.400274, 31.306893 ], [ -81.434946, 31.314278 ], [ -81.43484, 31.330984 ], [ -81.38502, 31.331731 ], [ -81.37482, 31.32751 ] ] ], [ [ [ -81.388268, 31.243817 ], [ -81.397392, 31.241597 ], [ -81.403136, 31.214006 ], [ -81.422871, 31.190908 ], [ -81.432041, 31.226293 ], [ -81.421051, 31.243963 ], [ -81.400671, 31.245769 ], [ -81.388268, 31.243817 ] ] ], [ [ [ -81.407773, 30.950535 ], [ -81.405153, 30.908203 ], [ -81.430835, 30.831156 ], [ -81.453324, 30.796362 ], [ -81.459737, 30.743262 ], [ -81.449172, 30.7178 ], [ -81.475039, 30.723249 ], [ -81.482738, 30.735119 ], [ -81.469166, 30.773073 ], [ -81.478596, 30.789481 ], [ -81.471253, 30.818292 ], [ -81.475303, 30.849691 ], [ -81.467098, 30.860122 ], [ -81.485254, 30.881931 ], [ -81.4503022, 30.8865623 ], [ -81.462994, 30.911343 ], [ -81.435934, 30.93218 ], [ -81.420108, 30.974076 ], [ -81.407773, 30.950535 ] ] ], [ [ [ -81.437001, 31.201497 ], [ -81.424739, 31.177317 ], [ -81.443664, 31.16187 ], [ -81.461258, 31.178759 ], [ -81.455584, 31.193909 ], [ -81.437001, 31.201497 ] ] ], [ [ [ -81.470994, 30.907147 ], [ -81.452464, 30.890008 ], [ -81.48584, 30.883902 ], [ -81.494328, 30.903426 ], [ -81.470994, 30.907147 ] ] ] ] } },
{ "type": "Feature", "properties": { "ADM0_ISO3": "USA", "ADM0_NAME": "US", "ADM0_CODE": 840, "CST_NAME": "georgia 02", "CST_CODE": 116, "VERSION": "20190215" }, "geometry": { "type": "MultiPolygon", "coordinates": [ [ [ [ -85.1324024, 31.8011048 ], [ -85.1323335, 31.8014489 ], [ -85.132333, 31.8014516 ], [ -85.132337, 31.801533 ], [ -85.141831, 31.839261 ], [ -85.1297518, 31.8833127 ], [ -85.1298342, 31.8834955 ], [ -85.130531, 31.88496 ], [ -85.134331, 31.89106 ], [ -85.134328, 31.8914702 ], [ -85.1341412, 31.8921244 ], [ -85.116031, 31.89296 ], [ -85.1147651, 31.8931398 ], [ -85.08213, 31.944658 ], [ -85.08683, 31.957758 ], [ -85.065929, 31.971158 ], [ -85.07093, 31.981658 ], [ -85.055075, 32.010714 ], [ -85.056029, 32.063055 ], [ -85.045063, 32.088063 ], [ -85.06206, 32.132486 ], [ -85.052045, 32.139398 ], [ -85.0516067, 32.1397036 ], [ -85.049812, 32.140844 ], [ -85.049356, 32.141068 ], [ -85.048777, 32.141396 ], [ -85.045593, 32.143758 ], [ -85.0450859, 32.1443618 ], [ -85.044298, 32.145416 ], [ -85.043916, 32.145924 ], [ -85.040183, 32.150439 ], [ -85.039716, 32.151131 ], [ -85.009224, 32.181647 ], [ -84.974428, 32.191252 ], [ -84.972771, 32.203403 ], [ -84.973128, 32.203351 ], [ -84.973328, 32.21765 ], [ -84.944728, 32.218151 ], [ -84.9436442, 32.2180521 ], [ -84.9427329, 32.2179515 ], [ -84.942182, 32.217951 ], [ -84.9420689, 32.217951 ], [ -84.9140753, 32.2406038 ], [ -84.913927, 32.240851 ], [ -84.902871, 32.272725 ], [ -84.9032383, 32.273022 ], [ -84.9338, 32.29826 ], [ -84.955785, 32.306772 ], [ -84.956121, 32.3069 ], [ -84.9982202, 32.3213868 ], [ -84.999931, 32.321371 ], [ -85.004582, 32.345196 ], [ -84.983866, 32.362386 ], [ -84.98841, 32.385216 ], [ -84.980954, 32.406065 ], [ -84.98063, 32.407344 ], [ -84.96603, 32.420944 ], [ -84.96343, 32.422544 ], [ -84.9633861, 32.42273 ], [ -84.963253, 32.4232955 ], [ -84.96303, 32.424244 ], [ -84.96473, 32.427344 ], [ -84.971831, 32.442843 ], [ -84.9902577, 32.4491972 ], [ -84.9913778, 32.4497262 ], [ -84.9942257, 32.4517079 ], [ -84.9952905, 32.4531867 ], [ -84.9966319, 32.4565554 ], [ -84.996731, 32.457943 ], [ -84.998031, 32.461743 ], [ -84.998031, 32.463442 ], [ -84.998431, 32.465043 ], [ -84.998431, 32.4665419 ], [ -84.998431, 32.4674163 ], [ -84.9980653, 32.4701498 ], [ -84.99697, 32.4721839 ], [ -84.9968261, 32.4724495 ], [ -84.995731, 32.474142 ], [ -84.9952332, 32.4752869 ], [ -84.9953302, 32.4772263 ], [ -84.995331, 32.4772412 ], [ -84.9953083, 32.4774065 ], [ -84.9952979, 32.4774817 ], [ -84.994931, 32.480142 ], [ -84.9949266, 32.4811094 ], [ -84.994923, 32.481765 ], [ -84.9949078, 32.4824948 ], [ -84.9948351, 32.4858512 ], [ -84.9948312, 32.4860429 ], [ -84.9950571, 32.4871322 ], [ -84.995061, 32.48715 ], [ -84.9954099, 32.4888353 ], [ -84.9984047, 32.4945612 ], [ -84.998832, 32.497041 ], [ -84.9988309, 32.4970431 ], [ -84.997632, 32.499241 ], [ -84.999076, 32.506666 ], [ -84.999341, 32.507261 ], [ -84.990098, 32.520679 ], [ -84.962187, 32.526435 ], [ -84.980111, 32.488287 ], [ -84.915891, 32.523274 ], [ -84.911846, 32.540816 ], [ -84.927558, 32.569961 ], [ -84.907883, 32.583433 ], [ -84.694603, 32.583945 ], [ -84.692428, 32.829393 ], [ -84.700538, 32.84464 ], [ -84.570669, 32.845179 ], [ -84.497646, 32.883561 ], [ -84.475494, 32.876326 ], [ -84.489509, 32.855874 ], [ -84.46731, 32.853006 ], [ -84.457287, 32.829881 ], [ -84.434179, 32.838063 ], [ -84.414908, 32.83453 ], [ -84.391017, 32.786956 ], [ -84.369306, 32.776199 ], [ -84.349454, 32.781791 ], [ -84.339101, 32.761758 ], [ -84.30281, 32.761445 ], [ -84.284264, 32.744517 ], [ -84.237061, 32.738653 ], [ -84.202241, 32.690735 ], [ -84.149328, 32.801206 ], [ -84.124291, 32.801882 ], [ -84.124275, 32.849562 ], [ -83.891922, 32.848351 ], [ -83.863831, 32.864683 ], [ -83.807422, 32.863315 ], [ -83.786364, 32.852438 ], [ -83.758863, 32.849311 ], [ -83.724889, 32.86328 ], [ -83.692198, 32.859068 ], [ -83.662386, 32.841901 ], [ -83.658211, 32.887913 ], [ -83.598187, 32.887836 ], [ -83.578632, 32.865142 ], [ -83.56507, 32.877164 ], [ -83.523421, 32.841291 ], [ -83.48943, 32.82406 ], [ -83.502603, 32.801119 ], [ -83.578715, 32.738118 ], [ -83.592952, 32.738857 ], [ -83.608586, 32.692636 ], [ -83.605546, 32.660674 ], [ -83.626522, 32.669562 ], [ -83.673942, 32.676958 ], [ -83.70101, 32.690623 ], [ -83.709152, 32.651304 ], [ -83.718631, 32.634983 ], [ -83.719859, 32.53176 ], [ -83.748697, 32.534157 ], [ -83.749007, 32.505248 ], [ -83.778007, 32.505547 ], [ -83.797694, 32.496568 ], [ -83.797712, 32.44699 ], [ -83.836673, 32.439308 ], [ -83.837041, 32.382195 ], [ -83.85654, 32.382399 ], [ -83.846828, 32.357739 ], [ -83.848379, 32.29097 ], [ -83.606397, 32.288435 ], [ -83.609379, 32.036427 ], [ -83.612642, 31.804128 ], [ -83.802223, 31.803495 ], [ -83.85549, 31.837181 ], [ -83.879793, 31.836993 ], [ -83.944262, 31.849505 ], [ -83.967344, 31.834477 ], [ -83.979813, 31.809422 ], [ -84.006386, 31.803769 ], [ -83.98639, 31.765426 ], [ -84.003496, 31.754596 ], [ -84.008174, 31.734847 ], [ -84.025623, 31.710022 ], [ -84.012401, 31.663039 ], [ -83.993374, 31.650034 ], [ -83.996246, 31.625154 ], [ -83.999118, 31.351529 ], [ -84.003627, 31.07729 ], [ -84.116644, 31.077971 ], [ -84.119223, 30.983483 ], [ -84.108263, 30.951072 ], [ -84.077119, 30.914965 ], [ -84.07291, 30.865151 ], [ -84.080278, 30.844809 ], [ -84.083757, 30.675804 ], [ -84.0843912, 30.6758293 ], [ -84.0925292, 30.6761742 ], [ -84.092667, 30.67618 ], [ -84.107699, 30.676818 ], [ -84.1286431, 30.6782254 ], [ -84.1310215, 30.6783392 ], [ -84.1332186, 30.6784448 ], [ -84.1348674, 30.678524 ], [ -84.1351669, 30.6785384 ], [ -84.1376265, 30.6786565 ], [ -84.1404779, 30.6787933 ], [ -84.147592, 30.6791344 ], [ -84.1489033, 30.6791973 ], [ -84.1517573, 30.6793339 ], [ -84.1551347, 30.6794956 ], [ -84.1748284, 30.6804383 ], [ -84.175323, 30.680462 ], [ -84.1907073, 30.6811999 ], [ -84.1917603, 30.6812505 ], [ -84.202346, 30.681772 ], [ -84.216867, 30.682496 ], [ -84.2233639, 30.6828204 ], [ -84.2637428, 30.6846648 ], [ -84.268562, 30.6848498 ], [ -84.2810282, 30.6852502 ], [ -84.2879779, 30.6855338 ], [ -84.302792, 30.686142 ], [ -84.313703, 30.686595 ], [ -84.3340101, 30.687661 ], [ -84.3347486, 30.6876995 ], [ -84.3511089, 30.6885526 ], [ -84.354049, 30.688706 ], [ -84.3570866, 30.6888644 ], [ -84.3685855, 30.6894646 ], [ -84.3721545, 30.6896507 ], [ -84.3768168, 30.6898597 ], [ -84.380705, 30.689993 ], [ -84.3807597, 30.689995 ], [ -84.3809062, 30.6900004 ], [ -84.3809226, 30.690001 ], [ -84.3809998, 30.6900037 ], [ -84.384875, 30.690139 ], [ -84.3849243, 30.6901407 ], [ -84.4073002, 30.6909246 ], [ -84.4079672, 30.690948 ], [ -84.407996, 30.690949 ], [ -84.4148606, 30.6911891 ], [ -84.414887, 30.69119 ], [ -84.4155915, 30.6912147 ], [ -84.4206573, 30.6913922 ], [ -84.4211281, 30.6914031 ], [ -84.436985, 30.6917448 ], [ -84.4371858, 30.6917492 ], [ -84.4484334, 30.6919924 ], [ -84.448539, 30.691995 ], [ -84.4524926, 30.6921176 ], [ -84.4525591, 30.6921196 ], [ -84.4565154, 30.6922412 ], [ -84.459081, 30.69232 ], [ -84.459171, 30.6923228 ], [ -84.4665, 30.692549 ], [ -84.4671706, 30.6925698 ], [ -84.467239, 30.692572 ], [ -84.4673213, 30.6925745 ], [ -84.4743118, 30.69279 ], [ -84.474409, 30.692793 ], [ -84.4840896, 30.6934766 ], [ -84.4841393, 30.6934801 ], [ -84.496656, 30.6943637 ], [ -84.49696, 30.694384 ], [ -84.5033752, 30.6947843 ], [ -84.5054174, 30.6948974 ], [ -84.5133066, 30.6953339 ], [ -84.5147373, 30.695413 ], [ -84.514755, 30.695414 ], [ -84.525863, 30.696027 ], [ -84.5283584, 30.6961661 ], [ -84.5383683, 30.6967197 ], [ -84.5393674, 30.6967748 ], [ -84.5394103, 30.6967772 ], [ -84.543312, 30.696993 ], [ -84.5507706, 30.6973435 ], [ -84.5508537, 30.6973474 ], [ -84.5671347, 30.6981117 ], [ -84.5672319, 30.6981162 ], [ -84.5692339, 30.6982104 ], [ -84.5695845, 30.6982269 ], [ -84.569587, 30.698227 ], [ -84.575213, 30.698492 ], [ -84.580764, 30.698736 ], [ -84.5849372, 30.6989215 ], [ -84.585128, 30.69893 ], [ -84.5851577, 30.6989313 ], [ -84.6046888, 30.6997909 ], [ -84.604714, 30.699792 ], [ -84.6061433, 30.6998665 ], [ -84.606249, 30.699872 ], [ -84.606386, 30.699865 ], [ -84.6064867, 30.6998704 ], [ -84.624914, 30.700842 ], [ -84.625425, 30.700872 ], [ -84.643243, 30.701901 ], [ -84.6443199, 30.7019633 ], [ -84.6524134, 30.7023379 ], [ -84.6525506, 30.7023442 ], [ -84.653153, 30.702372 ], [ -84.6531553, 30.7023721 ], [ -84.6534534, 30.7023857 ], [ -84.654115, 30.702417 ], [ -84.6573413, 30.7025627 ], [ -84.6597432, 30.7026719 ], [ -84.6598227, 30.7026755 ], [ -84.6624716, 30.702796 ], [ -84.664935, 30.702908 ], [ -84.6649573, 30.702909 ], [ -84.665884, 30.70295 ], [ -84.6686251, 30.7030762 ], [ -84.6691427, 30.7030999 ], [ -84.669233, 30.703104 ], [ -84.675471, 30.703386 ], [ -84.677078, 30.703461 ], [ -84.677138, 30.703464 ], [ -84.6776257, 30.703486 ], [ -84.682577, 30.703712 ], [ -84.686516, 30.703891 ], [ -84.7014529, 30.7045156 ], [ -84.7041905, 30.7046299 ], [ -84.704193, 30.70463 ], [ -84.7202328, 30.7053 ], [ -84.7214749, 30.7053517 ], [ -84.721601, 30.705356 ], [ -84.725136, 30.705504 ], [ -84.7395554, 30.706107 ], [ -84.739698, 30.706113 ], [ -84.7397105, 30.7061135 ], [ -84.742492, 30.70623 ], [ -84.7482421, 30.7064707 ], [ -84.7486518, 30.7064878 ], [ -84.748871, 30.706497 ], [ -84.749918, 30.706491 ], [ -84.7532953, 30.7066567 ], [ -84.7534737, 30.7066655 ], [ -84.7542763, 30.7067049 ], [ -84.7593092, 30.7069519 ], [ -84.7607548, 30.7070228 ], [ -84.763393, 30.7071522 ], [ -84.7634736, 30.7071561 ], [ -84.7722822, 30.707588 ], [ -84.7734166, 30.7076414 ], [ -84.7875373, 30.7083043 ], [ -84.7899035, 30.7084153 ], [ -84.789983, 30.708419 ], [ -84.8222268, 30.7100101 ], [ -84.8223562, 30.7100151 ], [ -84.824562, 30.710099 ], [ -84.825155, 30.71012 ], [ -84.825288, 30.710128 ], [ -84.836324, 30.710709 ], [ -84.847131, 30.711148 ], [ -84.8471477, 30.7111497 ], [ -84.8488583, 30.7112197 ], [ -84.848891, 30.711221 ], [ -84.855401, 30.711187 ], [ -84.8563047, 30.7112183 ], [ -84.8568591, 30.711238 ], [ -84.857368, 30.711256 ], [ -84.8634651, 30.711494 ], [ -84.8640035, 30.7115151 ], [ -84.8644147, 30.7115311 ], [ -84.864693, 30.711542 ], [ -84.8647056, 30.7115684 ], [ -84.8647531, 30.7116672 ], [ -84.8648252, 30.7118173 ], [ -84.86549, 30.713202 ], [ -84.8667169, 30.7160261 ], [ -84.8681299, 30.7190468 ], [ -84.868204, 30.7191849 ], [ -84.8682856, 30.7193279 ], [ -84.869752, 30.721897 ], [ -84.8712675, 30.7237221 ], [ -84.8716469, 30.7240833 ], [ -84.873682, 30.725941 ], [ -84.874921, 30.72704 ], [ -84.8754151, 30.7274857 ], [ -84.8760362, 30.7278005 ], [ -84.876821, 30.728291 ], [ -84.8771496, 30.72841 ], [ -84.8776742, 30.7287598 ], [ -84.8781297, 30.7290968 ], [ -84.878721, 30.729491 ], [ -84.8825602, 30.7317237 ], [ -84.8831186, 30.7321889 ], [ -84.884221, 30.733091 ], [ -84.8843818, 30.7334127 ], [ -84.885221, 30.734991 ], [ -84.885521, 30.735791 ], [ -84.8879533, 30.7423275 ], [ -84.888522, 30.742991 ], [ -84.8904245, 30.7446927 ], [ -84.891022, 30.745091 ], [ -84.8915359, 30.7457049 ], [ -84.892022, 30.746191 ], [ -84.8945352, 30.748802 ], [ -84.895122, 30.749291 ], [ -84.896171, 30.750191 ], [ -84.8961548, 30.7503234 ], [ -84.8961529, 30.750339 ], [ -84.8961223, 30.7505912 ], [ -84.8964996, 30.7508742 ], [ -84.8965483, 30.7509022 ], [ -84.897222, 30.751191 ], [ -84.897622, 30.751391 ], [ -84.898022, 30.751491 ], [ -84.9008978, 30.751891 ], [ -84.901122, 30.751891 ], [ -84.901922, 30.751891 ], [ -84.9021551, 30.7518716 ], [ -84.9031101, 30.751792 ], [ -84.9031533, 30.7517779 ], [ -84.9034043, 30.7516734 ], [ -84.9043177, 30.7512928 ], [ -84.904322, 30.751291 ], [ -84.905322, 30.750891 ], [ -84.9073261, 30.7505917 ], [ -84.908422, 30.750791 ], [ -84.9093058, 30.7509119 ], [ -84.9100193, 30.7510903 ], [ -84.914022, 30.752991 ], [ -84.9141846, 30.7533161 ], [ -84.914522, 30.755191 ], [ -84.914522, 30.756191 ], [ -84.914522, 30.757091 ], [ -84.914522, 30.757791 ], [ -84.9145222, 30.7584921 ], [ -84.9145353, 30.7585577 ], [ -84.9145401, 30.7585817 ], [ -84.9147198, 30.7594801 ], [ -84.9147256, 30.7595075 ], [ -84.914922, 30.760391 ], [ -84.915022, 30.761191 ], [ -84.9151064, 30.7612647 ], [ -84.916426, 30.7624181 ], [ -84.9171893, 30.7630851 ], [ -84.917315, 30.763195 ], [ -84.917423, 30.76329 ], [ -84.918923, 30.76479 ], [ -84.9195703, 30.7653784 ], [ -84.9198853, 30.7656648 ], [ -84.9200107, 30.7657789 ], [ -84.920123, 30.76599 ], [ -84.920123, 30.76649 ], [ -84.9200935, 30.7665711 ], [ -84.9193463, 30.7686258 ], [ -84.9193175, 30.7687031 ], [ -84.9188263, 30.769882 ], [ -84.918823, 30.76989 ], [ -84.9186341, 30.7703434 ], [ -84.918323, 30.77109 ], [ -84.918023, 30.77209 ], [ -84.917823, 30.77329 ], [ -84.917647, 30.774462 ], [ -84.917523, 30.77529 ], [ -84.9179162, 30.7776982 ], [ -84.918023, 30.77809 ], [ -84.9180291, 30.7780995 ], [ -84.9188654, 30.7794003 ], [ -84.9189269, 30.7794942 ], [ -84.919874, 30.7805275 ], [ -84.920023, 30.78069 ], [ -84.9204046, 30.7812146 ], [ -84.920823, 30.78179 ], [ -84.9231236, 30.7851909 ], [ -84.9241694, 30.7868072 ], [ -84.9242438, 30.7869168 ], [ -84.9255593, 30.7886082 ], [ -84.9256325, 30.788703 ], [ -84.926723, 30.79019 ], [ -84.9267814, 30.7902856 ], [ -84.9278004, 30.791953 ], [ -84.928323, 30.79309 ], [ -84.928723, 30.79469 ], [ -84.9289156, 30.7956538 ], [ -84.928953, 30.795841 ], [ -84.929023, 30.79619 ], [ -84.929023, 30.7967427 ], [ -84.929023, 30.79729 ], [ -84.9290219, 30.7973012 ], [ -84.928974, 30.797774 ], [ -84.9289231, 30.7982893 ], [ -84.9289208, 30.7982981 ], [ -84.928627, 30.7993753 ], [ -84.928608, 30.7994499 ], [ -84.9281264, 30.8013764 ], [ -84.928122, 30.8013966 ], [ -84.9279249, 30.8027767 ], [ -84.927923, 30.80369 ], [ -84.928323, 30.80509 ], [ -84.9287148, 30.8061675 ], [ -84.929629, 30.8080018 ], [ -84.930323, 30.809489 ], [ -84.9303263, 30.8094945 ], [ -84.9309149, 30.8104755 ], [ -84.932323, 30.812489 ], [ -84.932824, 30.813089 ], [ -84.934024, 30.814289 ], [ -84.935224, 30.816089 ], [ -84.936124, 30.817289 ], [ -84.936824, 30.818489 ], [ -84.937424, 30.820889 ], [ -84.937424, 30.822189 ], [ -84.9374195, 30.8222336 ], [ -84.937324, 30.823189 ], [ -84.937323, 30.8232101 ], [ -84.9372633, 30.8244026 ], [ -84.937231, 30.8250487 ], [ -84.937222, 30.8251987 ], [ -84.9369265, 30.8266765 ], [ -84.9369212, 30.8267021 ], [ -84.936624, 30.828089 ], [ -84.9365612, 30.8283716 ], [ -84.936425, 30.8289844 ], [ -84.9364229, 30.8289969 ], [ -84.9363362, 30.8296038 ], [ -84.9363343, 30.8296169 ], [ -84.9362463, 30.8302327 ], [ -84.936224, 30.830389 ], [ -84.9362238, 30.8303922 ], [ -84.9361681, 30.831171 ], [ -84.9361521, 30.8313952 ], [ -84.9361332, 30.83166 ], [ -84.9361214, 30.8318084 ], [ -84.935924, 30.833289 ], [ -84.935824, 30.833789 ], [ -84.935324, 30.834889 ], [ -84.934953, 30.8355692 ], [ -84.934724, 30.835989 ], [ -84.933824, 30.836989 ], [ -84.932924, 30.837589 ], [ -84.932247, 30.838166 ], [ -84.931496, 30.838377 ], [ -84.9283794, 30.838789 ], [ -84.927473, 30.838927 ], [ -84.9270843, 30.8390239 ], [ -84.9257216, 30.8437629 ], [ -84.925724, 30.843789 ], [ -84.9259229, 30.8442864 ], [ -84.9268267, 30.8463931 ], [ -84.927424, 30.847289 ], [ -84.9274293, 30.847297 ], [ -84.927824, 30.847889 ], [ -84.9285288, 30.8484926 ], [ -84.928924, 30.848789 ], [ -84.929624, 30.849189 ], [ -84.930624, 30.849789 ], [ -84.9306441, 30.8498031 ], [ -84.9316206, 30.8504866 ], [ -84.9316405, 30.8504963 ], [ -84.9324625, 30.8508607 ], [ -84.933724, 30.852088 ], [ -84.933902, 30.8525329 ], [ -84.934424, 30.853488 ], [ -84.935024, 30.854788 ], [ -84.935524, 30.855788 ], [ -84.9360872, 30.8569145 ], [ -84.9362103, 30.8572254 ], [ -84.9365171, 30.8580692 ], [ -84.936524, 30.858088 ], [ -84.9366225, 30.8589744 ], [ -84.9365241, 30.8593877 ], [ -84.936424, 30.859788 ], [ -84.9364193, 30.8597965 ], [ -84.935924, 30.860688 ], [ -84.9358349, 30.8607771 ], [ -84.935224, 30.861388 ], [ -84.935214, 30.861393 ], [ -84.9346361, 30.8616819 ], [ -84.934624, 30.861688 ], [ -84.933524, 30.862288 ], [ -84.933024, 30.862588 ], [ -84.9324912, 30.8646225 ], [ -84.932524, 30.864688 ], [ -84.9328207, 30.8654792 ], [ -84.932824, 30.865488 ], [ -84.933124, 30.865888 ], [ -84.933324, 30.866088 ], [ -84.9336423, 30.8662869 ], [ -84.9339912, 30.866505 ], [ -84.934124, 30.866588 ], [ -84.9347792, 30.8671497 ], [ -84.936324, 30.868288 ], [ -84.9365665, 30.8685708 ], [ -84.9367627, 30.8687997 ], [ -84.9369241, 30.868988 ], [ -84.9372448, 30.8693622 ], [ -84.9374974, 30.869657 ], [ -84.937524, 30.869688 ], [ -84.9380961, 30.8701648 ], [ -84.938124, 30.870188 ], [ -84.938824, 30.870788 ], [ -84.9398217, 30.8736948 ], [ -84.939624, 30.874288 ], [ -84.9389779, 30.8751341 ], [ -84.938924, 30.875188 ], [ -84.938725, 30.8754864 ], [ -84.938424, 30.875988 ], [ -84.937824, 30.876688 ], [ -84.937324, 30.877388 ], [ -84.9367643, 30.8779477 ], [ -84.935824, 30.879088 ], [ -84.9350248, 30.8802868 ], [ -84.934124, 30.882488 ], [ -84.934224, 30.882888 ], [ -84.9342255, 30.8828934 ], [ -84.934424, 30.883588 ], [ -84.934724, 30.884088 ], [ -84.934924, 30.884588 ], [ -84.935024, 30.884788 ], [ -84.935177, 30.884788 ], [ -84.9367552, 30.8859081 ], [ -84.937325, 30.886288 ], [ -84.939125, 30.887088 ], [ -84.9404044, 30.8874816 ], [ -84.9425286, 30.8884934 ], [ -84.942969, 30.8891235 ], [ -84.9435211, 30.8898827 ], [ -84.9496319, 30.8973985 ], [ -84.950225, 30.898387 ], [ -84.9514275, 30.9004927 ], [ -84.9515351, 30.9007347 ], [ -84.952325, 30.902287 ], [ -84.953225, 30.903487 ], [ -84.953825, 30.904187 ], [ -84.9543086, 30.9049608 ], [ -84.9545422, 30.9052911 ], [ -84.954825, 30.905687 ], [ -84.9548394, 30.905711 ], [ -84.955125, 30.906187 ], [ -84.9551326, 30.9061961 ], [ -84.9556205, 30.9067816 ], [ -84.955625, 30.906787 ], [ -84.956125, 30.907587 ], [ -84.956725, 30.908187 ], [ -84.9574927, 30.9087628 ], [ -84.957525, 30.908787 ], [ -84.95818, 30.909442 ], [ -84.959626, 30.910587 ], [ -84.960226, 30.911187 ], [ -84.9602311, 30.9111914 ], [ -84.960926, 30.911787 ], [ -84.961426, 30.912287 ], [ -84.963026, 30.913787 ], [ -84.963826, 30.914487 ], [ -84.963927, 30.914588 ], [ -84.964926, 30.915587 ], [ -84.965826, 30.916387 ], [ -84.9665337, 30.9170947 ], [ -84.966726, 30.917287 ], [ -84.967326, 30.918187 ], [ -84.967926, 30.919087 ], [ -84.968426, 30.919887 ], [ -84.9688262, 30.9206874 ], [ -84.969424, 30.9219827 ], [ -84.969426, 30.921987 ], [ -84.9698157, 30.9234483 ], [ -84.9701306, 30.924707 ], [ -84.9704216, 30.9259679 ], [ -84.9730261, 30.9295871 ], [ -84.973826, 30.929987 ], [ -84.9754813, 30.9308687 ], [ -84.977726, 30.931587 ], [ -84.9786068, 30.9317827 ], [ -84.983627, 30.936986 ], [ -84.983527, 30.937286 ], [ -84.9835242, 30.9376945 ], [ -84.983327, 30.938286 ], [ -84.983027, 30.940886 ], [ -84.983027, 30.9411537 ], [ -84.9830265, 30.9425886 ], [ -84.982827, 30.943686 ], [ -84.982627, 30.944586 ], [ -84.9825225, 30.9454085 ], [ -84.9822287, 30.9468775 ], [ -84.9822236, 30.9468979 ], [ -84.9818301, 30.9482752 ], [ -84.9818235, 30.9482978 ], [ -84.981358, 30.9498804 ], [ -84.981357, 30.949884 ], [ -84.9813271, 30.9499855 ], [ -84.9804188, 30.9524024 ], [ -84.9800016, 30.9532368 ], [ -84.979927, 30.953386 ], [ -84.980127, 30.961286 ], [ -84.9804231, 30.9620757 ], [ -84.981127, 30.963386 ], [ -84.9815564, 30.96403 ], [ -84.981727, 30.964286 ], [ -84.982527, 30.965586 ], [ -84.9841451, 30.9670963 ], [ -84.984827, 30.967486 ], [ -84.9849085, 30.9675231 ], [ -84.9854128, 30.9677523 ], [ -84.9858966, 30.9679721 ], [ -84.9859306, 30.9679876 ], [ -84.987507, 30.96863 ], [ -84.988027, 30.968786 ], [ -84.9880468, 30.9687899 ], [ -84.9889993, 30.9689804 ], [ -84.989027, 30.968986 ], [ -84.9891566, 30.9690292 ], [ -84.9895837, 30.9691715 ], [ -84.990427, 30.969386 ], [ -84.9915221, 30.9696846 ], [ -84.996828, 30.970886 ], [ -84.997629, 30.9711862 ], [ -84.9986175, 30.9713839 ], [ -84.9997971, 30.971486 ], [ -84.9998311, 30.9714766 ], [ -84.9998704, 30.9713588 ], [ -84.999893, 30.971291 ], [ -84.999928, 30.971186 ], [ -85.0001643, 30.9713383 ], [ -85.001252, 30.972039 ], [ -85.0012626, 30.9720434 ], [ -85.0026998, 30.9726394 ], [ -85.004026, 30.973468 ], [ -85.005105, 30.974704 ], [ -85.0051063, 30.9747066 ], [ -85.005734, 30.975908 ], [ -85.0057822, 30.9761847 ], [ -85.005931, 30.97704 ], [ -85.0059478, 30.9772924 ], [ -85.0059685, 30.9776046 ], [ -85.0060263, 30.9784675 ], [ -85.0059085, 30.9798732 ], [ -85.0053479, 30.9813969 ], [ -85.005289, 30.981557 ], [ -85.0052819, 30.9815746 ], [ -85.0046406, 30.9831682 ], [ -85.004635, 30.983182 ], [ -85.0039457, 30.984405 ], [ -85.0038378, 30.9845965 ], [ -85.0029314, 30.9862046 ], [ -85.00254, 30.986899 ], [ -85.003003, 30.991748 ], [ -85.0029952, 30.9925978 ], [ -85.002995, 30.99262 ], [ -85.002855, 30.993663 ], [ -85.0027725, 30.9938963 ], [ -85.0027267, 30.9940257 ], [ -85.0023501, 30.9950908 ], [ -85.0023031, 30.9952565 ], [ -85.0021645, 30.9958073 ], [ -85.001846, 30.997073 ], [ -85.001845, 30.9971018 ], [ -85.0018192, 30.9978836 ], [ -85.001839, 30.999077 ], [ -85.0018765, 30.9999422 ], [ -85.001887, 31.000185 ], [ -85.001891, 31.0003379 ], [ -85.0018979, 31.0006035 ], [ -85.0019012, 31.000681 ], [ -85.0020999, 31.0006814 ], [ -85.002368, 31.000682 ], [ -85.0022674, 31.0014602 ], [ -85.002203, 31.001959 ], [ -85.001473, 31.004472 ], [ -85.001366, 31.005045 ], [ -84.999428, 31.013843 ], [ -84.999928, 31.014439 ], [ -84.9999625, 31.0145813 ], [ -84.9999902, 31.0146952 ], [ -85.00006, 31.014983 ], [ -85.00038, 31.0152525 ], [ -85.000934, 31.015719 ], [ -85.0023388, 31.0170632 ], [ -85.00314, 31.017598 ], [ -85.0042885, 31.0187981 ], [ -85.004761, 31.019615 ], [ -85.0048042, 31.0199699 ], [ -85.0048915, 31.0217367 ], [ -85.007974, 31.029834 ], [ -85.009409, 31.032378 ], [ -85.0086065, 31.0442492 ], [ -85.0089923, 31.0461046 ], [ -85.0097591, 31.0474958 ], [ -85.0110414, 31.0510962 ], [ -85.0110757, 31.0511869 ], [ -85.0111538, 31.052038 ], [ -85.011392, 31.053546 ], [ -85.0145654, 31.0566002 ], [ -85.015971, 31.057578 ], [ -85.016899, 31.058092 ], [ -85.0175087, 31.0586587 ], [ -85.01815, 31.059254 ], [ -85.018707, 31.060308 ], [ -85.0196984, 31.0621311 ], [ -85.0211515, 31.0650866 ], [ -85.0223714, 31.0668176 ], [ -85.026741, 31.0717658 ], [ -85.0272021, 31.0725196 ], [ -85.0276023, 31.0730307 ], [ -85.0276671, 31.0732024 ], [ -85.028113, 31.073781 ], [ -85.028573, 31.075248 ], [ -85.028428, 31.076434 ], [ -85.036174, 31.10904 ], [ -85.047329, 31.116877 ], [ -85.0513682, 31.1193004 ], [ -85.0514808, 31.1193231 ], [ -85.052867, 31.119489 ], [ -85.054677, 31.120818 ], [ -85.0550441, 31.1214244 ], [ -85.0558595, 31.1235674 ], [ -85.056224, 31.125181 ], [ -85.070528, 31.14962 ], [ -85.072685, 31.152094 ], [ -85.099647, 31.164942 ], [ -85.1075374, 31.1923071 ], [ -85.1077001, 31.1930058 ], [ -85.1077016, 31.1930117 ], [ -85.107727, 31.193068 ], [ -85.0992121, 31.210314 ], [ -85.0991471, 31.2103904 ], [ -85.0987574, 31.2111781 ], [ -85.100149, 31.234096 ], [ -85.100822, 31.234916 ], [ -85.1066803, 31.2488062 ], [ -85.108081, 31.251769 ], [ -85.114493, 31.277518 ], [ -85.108235, 31.282376 ], [ -85.101463, 31.283385 ], [ -85.098713, 31.284455 ], [ -85.097313, 31.285715 ], [ -85.0934465, 31.2894055 ], [ -85.083776, 31.31821 ], [ -85.0875962, 31.3325294 ], [ -85.085993, 31.350496 ], [ -85.0903131, 31.3545117 ], [ -85.0906185, 31.354413 ], [ -85.09099, 31.354428 ], [ -85.088252, 31.371514 ], [ -85.08691, 31.374474 ], [ -85.08644, 31.376129 ], [ -85.080403, 31.393932 ], [ -85.0799076, 31.3948219 ], [ -85.079282, 31.395673 ], [ -85.0789362, 31.4072423 ], [ -85.079524, 31.408296 ], [ -85.069321, 31.427265 ], [ -85.068524, 31.4273235 ], [ -85.0684899, 31.427342 ], [ -85.0684176, 31.4273814 ], [ -85.065911, 31.442603 ], [ -85.071621, 31.468384 ], [ -85.056928, 31.500171 ], [ -85.054501, 31.503022 ], [ -85.0449829, 31.5182384 ], [ -85.044604, 31.519262 ], [ -85.0413798, 31.5425739 ], [ -85.041881, 31.544684 ], [ -85.0436131, 31.5470247 ], [ -85.044484, 31.547604 ], [ -85.04452, 31.547637 ], [ -85.057612, 31.570129 ], [ -85.0576279, 31.5701859 ], [ -85.057746, 31.570267 ], [ -85.0566058, 31.5747559 ], [ -85.0564866, 31.5748128 ], [ -85.056484, 31.574814 ], [ -85.0554178, 31.5765186 ], [ -85.055284, 31.577596 ], [ -85.0553529, 31.5777147 ], [ -85.0553545, 31.5777175 ], [ -85.055417, 31.578696 ], [ -85.05844, 31.584432 ], [ -85.058333, 31.585385 ], [ -85.056003, 31.604124 ], [ -85.0559776, 31.6051181 ], [ -85.0559761, 31.6051751 ], [ -85.0560912, 31.6054472 ], [ -85.0569346, 31.6064571 ], [ -85.058116, 31.607056 ], [ -85.064486, 31.623793 ], [ -85.065003, 31.624178 ], [ -85.087029, 31.640966 ], [ -85.092429, 31.659966 ], [ -85.125831, 31.698959 ], [ -85.12583, 31.699465 ], [ -85.11913, 31.730964 ], [ -85.12433, 31.748564 ], [ -85.12473, 31.749164 ], [ -85.12523, 31.749864 ], [ -85.12523, 31.7500491 ], [ -85.1252737, 31.750064 ], [ -85.12533, 31.7501477 ], [ -85.12533, 31.750264 ], [ -85.1252637, 31.767164 ], [ -85.12553, 31.767863 ], [ -85.1418311, 31.782363 ], [ -85.1324024, 31.8011048 ] ] ] ] } },
{ "type": "Feature", "properties": { "ADM0_ISO3": "USA", "ADM0_NAME": "US", "ADM0_CODE": 840, "CST_NAME": "georgia 03", "CST_CODE": 117, "VERSION": "20190215" }, "geometry": { "type": "MultiPolygon", "coordinates": [ [ [ [ -85.33823, 33.653117 ], [ -85.289742, 33.652087 ], [ -85.139027, 33.700017 ], [ -85.114985, 33.691348 ], [ -85.050889, 33.714632 ], [ -85.049326, 33.812429 ], [ -84.971203, 33.799617 ], [ -84.901688, 33.780703 ], [ -84.902731, 33.649046 ], [ -84.905788, 33.573378 ], [ -84.808934, 33.574085 ], [ -84.832336, 33.545267 ], [ -84.815161, 33.52465 ], [ -84.827611, 33.513329 ], [ -84.749934, 33.510795 ], [ -84.621031, 33.510713 ], [ -84.556857, 33.528405 ], [ -84.564356, 33.49519 ], [ -84.557477, 33.468257 ], [ -84.526487, 33.444879 ], [ -84.48461, 33.4486 ], [ -84.485813, 33.474328 ], [ -84.4653, 33.484487 ], [ -84.421189, 33.460549 ], [ -84.397479, 33.485738 ], [ -84.381759, 33.463414 ], [ -84.402196, 33.436368 ], [ -84.387068, 33.4007 ], [ -84.388118, 33.352465 ], [ -84.3544, 33.352514 ], [ -84.353824, 33.397291 ], [ -84.275635, 33.389781 ], [ -84.253469, 33.419044 ], [ -84.253764, 33.441706 ], [ -84.206013, 33.450088 ], [ -84.215451, 33.482354 ], [ -84.176623, 33.491399 ], [ -84.144193, 33.49121 ], [ -84.123226, 33.463981 ], [ -84.147515, 33.437084 ], [ -84.148034, 33.403197 ], [ -84.119536, 33.402883 ], [ -84.08833, 33.371496 ], [ -84.05784, 33.367877 ], [ -84.042669, 33.336544 ], [ -84.053701, 33.317742 ], [ -84.122623, 33.252668 ], [ -84.123767, 33.202824 ], [ -84.041498, 33.202629 ], [ -84.044113, 32.947874 ], [ -84.054175, 32.931497 ], [ -84.12334, 32.932184 ], [ -84.124275, 32.849562 ], [ -84.124291, 32.801882 ], [ -84.149328, 32.801206 ], [ -84.202241, 32.690735 ], [ -84.237061, 32.738653 ], [ -84.284264, 32.744517 ], [ -84.30281, 32.761445 ], [ -84.339101, 32.761758 ], [ -84.349454, 32.781791 ], [ -84.369306, 32.776199 ], [ -84.391017, 32.786956 ], [ -84.414908, 32.83453 ], [ -84.434179, 32.838063 ], [ -84.457287, 32.829881 ], [ -84.46731, 32.853006 ], [ -84.489509, 32.855874 ], [ -84.475494, 32.876326 ], [ -84.497646, 32.883561 ], [ -84.570669, 32.845179 ], [ -84.700538, 32.84464 ], [ -84.692428, 32.829393 ], [ -84.694603, 32.583945 ], [ -84.907883, 32.583433 ], [ -84.927558, 32.569961 ], [ -84.911846, 32.540816 ], [ -84.915891, 32.523274 ], [ -84.980111, 32.488287 ], [ -84.962187, 32.526435 ], [ -84.990098, 32.520679 ], [ -84.999341, 32.507261 ], [ -84.9993845, 32.5073584 ], [ -84.99947, 32.5075515 ], [ -85.0009342, 32.5087768 ], [ -85.0010312, 32.5103273 ], [ -85.0071588, 32.5239137 ], [ -85.008396, 32.524876 ], [ -85.014877, 32.53014 ], [ -85.015282, 32.531133 ], [ -85.015645, 32.53142 ], [ -85.045006, 32.560603 ], [ -85.0454662, 32.5617138 ], [ -85.0458089, 32.5620777 ], [ -85.0461562, 32.5624029 ], [ -85.067199, 32.579306 ], [ -85.0808, 32.609353 ], [ -85.0807734, 32.6100189 ], [ -85.0828, 32.616776 ], [ -85.0829661, 32.6172593 ], [ -85.0828251, 32.6350963 ], [ -85.0828455, 32.6356365 ], [ -85.0828469, 32.6356777 ], [ -85.092236, 32.634236 ], [ -85.092482, 32.634334 ], [ -85.092634, 32.634369 ], [ -85.1002592, 32.6375593 ], [ -85.100405, 32.637687 ], [ -85.100536, 32.637835 ], [ -85.089536, 32.655835 ], [ -85.088902, 32.6564865 ], [ -85.0888311, 32.6566348 ], [ -85.089025, 32.658583 ], [ -85.0896569, 32.6590445 ], [ -85.0911497, 32.6622487 ], [ -85.091436, 32.662535 ], [ -85.091636, 32.662734 ], [ -85.091836, 32.662935 ], [ -85.092136, 32.663235 ], [ -85.110237, 32.682134 ], [ -85.110319, 32.682195 ], [ -85.110617, 32.682465 ], [ -85.120338, 32.711033 ], [ -85.1205956, 32.7112906 ], [ -85.1226542, 32.7156692 ], [ -85.1227145, 32.715733 ], [ -85.122738, 32.715832 ], [ -85.113167, 32.7328139 ], [ -85.133138, 32.744631 ], [ -85.14298, 32.761654 ], [ -85.123738, 32.772031 ], [ -85.1234295, 32.7722395 ], [ -85.1233442, 32.7722699 ], [ -85.126516, 32.779265 ], [ -85.127466, 32.77951 ], [ -85.1333215, 32.7820804 ], [ -85.13324, 32.782513 ], [ -85.1347064, 32.7843277 ], [ -85.1348904, 32.7844591 ], [ -85.135583, 32.7846412 ], [ -85.1365147, 32.7844235 ], [ -85.139881, 32.785654 ], [ -85.1398693, 32.7859997 ], [ -85.139773, 32.7862038 ], [ -85.1397808, 32.7863424 ], [ -85.139826, 32.787143 ], [ -85.1428145, 32.7922376 ], [ -85.143105, 32.791977 ], [ -85.143593, 32.791632 ], [ -85.144352, 32.791428 ], [ -85.1447374, 32.791428 ], [ -85.145383, 32.791428 ], [ -85.164415, 32.80726 ], [ -85.164538, 32.807327 ], [ -85.1684, 32.8127569 ], [ -85.168373, 32.813605 ], [ -85.168644, 32.814245 ], [ -85.168427, 32.814361 ], [ -85.167287, 32.815413 ], [ -85.1652569, 32.8181105 ], [ -85.1676027, 32.8254218 ], [ -85.167881, 32.825744 ], [ -85.1685045, 32.8273407 ], [ -85.1683497, 32.8284604 ], [ -85.1620663, 32.8367667 ], [ -85.161018, 32.837812 ], [ -85.153497, 32.842781 ], [ -85.1534494, 32.8437009 ], [ -85.168688, 32.852588 ], [ -85.170099, 32.852497 ], [ -85.172623, 32.853207 ], [ -85.178845, 32.854906 ], [ -85.1793577, 32.8552729 ], [ -85.181523, 32.857491 ], [ -85.1847586, 32.865695 ], [ -85.18486, 32.867272 ], [ -85.1841312, 32.870525 ], [ -85.18474, 32.870527 ], [ -85.1847666, 32.8706493 ], [ -85.185741, 32.875127 ], [ -85.1857416, 32.87513 ], [ -85.1857808, 32.8753303 ], [ -85.1859471, 32.8761799 ], [ -85.1864188, 32.8785902 ], [ -85.1864731, 32.8788674 ], [ -85.186989, 32.881642 ], [ -85.1910412, 32.9014934 ], [ -85.1913446, 32.9029767 ], [ -85.191692, 32.904696 ], [ -85.191843, 32.90549 ], [ -85.192767, 32.910339 ], [ -85.1939606, 32.91594 ], [ -85.194294, 32.917876 ], [ -85.1943807, 32.9183776 ], [ -85.1948935, 32.9209273 ], [ -85.196005, 32.926336 ], [ -85.2060931, 32.9767883 ], [ -85.2070239, 32.9815681 ], [ -85.2125883, 33.0093942 ], [ -85.214131, 33.017072 ], [ -85.214215, 33.017492 ], [ -85.215025, 33.021519 ], [ -85.215527, 33.024018 ], [ -85.217264, 33.032673 ], [ -85.219219, 33.0423381 ], [ -85.219766, 33.0450641 ], [ -85.220157, 33.04701 ], [ -85.2201605, 33.0470314 ], [ -85.2207396, 33.0499239 ], [ -85.221337, 33.052898 ], [ -85.2234731, 33.0635605 ], [ -85.223605, 33.064321 ], [ -85.223794, 33.065399 ], [ -85.2246807, 33.0697964 ], [ -85.2248456, 33.0705957 ], [ -85.2258689, 33.075703 ], [ -85.232378, 33.108077 ], [ -85.233108, 33.111714 ], [ -85.235686, 33.125121 ], [ -85.2365025, 33.1294765 ], [ -85.236518, 33.12956 ], [ -85.2365485, 33.1297243 ], [ -85.2375821, 33.1352833 ], [ -85.239964, 33.148093 ], [ -85.2404419, 33.1504647 ], [ -85.2406314, 33.1514723 ], [ -85.242823, 33.162675 ], [ -85.246569, 33.181488 ], [ -85.250726, 33.203865 ], [ -85.251821, 33.209522 ], [ -85.2518604, 33.2097272 ], [ -85.2544879, 33.2234876 ], [ -85.254523, 33.223681 ], [ -85.255552, 33.229362 ], [ -85.2559835, 33.231675 ], [ -85.258067, 33.242133 ], [ -85.2595348, 33.2500714 ], [ -85.2604345, 33.2547175 ], [ -85.260435, 33.25472 ], [ -85.263955, 33.273151 ], [ -85.2667115, 33.287584 ], [ -85.2673614, 33.2909872 ], [ -85.2695159, 33.3024248 ], [ -85.270958, 33.309738 ], [ -85.275558, 33.333859 ], [ -85.2774678, 33.3438696 ], [ -85.277495, 33.344012 ], [ -85.2785965, 33.3499259 ], [ -85.281303, 33.363816 ], [ -85.2843509, 33.3795339 ], [ -85.2896171, 33.4066983 ], [ -85.2901991, 33.4097316 ], [ -85.291529, 33.416578 ], [ -85.293805, 33.428098 ], [ -85.2964357, 33.4403409 ], [ -85.2964658, 33.4404812 ], [ -85.297637, 33.446915 ], [ -85.2978209, 33.4478732 ], [ -85.2994812, 33.4565902 ], [ -85.299495, 33.456664 ], [ -85.302992, 33.475235 ], [ -85.3030608, 33.4755953 ], [ -85.3044385, 33.4828814 ], [ -85.305632, 33.488352 ], [ -85.3061608, 33.4907796 ], [ -85.30662, 33.492931 ], [ -85.306679, 33.4932503 ], [ -85.307947, 33.500111 ], [ -85.308387, 33.502599 ], [ -85.3116622, 33.5184798 ], [ -85.3125115, 33.5227236 ], [ -85.3128823, 33.5245999 ], [ -85.313462, 33.527307 ], [ -85.3139985, 33.5298045 ], [ -85.314994, 33.535898 ], [ -85.3157228, 33.5396001 ], [ -85.3157486, 33.5397314 ], [ -85.3175146, 33.5486959 ], [ -85.317541, 33.54883 ], [ -85.3185289, 33.5538418 ], [ -85.3213041, 33.5679195 ], [ -85.323314, 33.578116 ], [ -85.3254713, 33.589049 ], [ -85.325534, 33.589367 ], [ -85.329154, 33.607725 ], [ -85.3291743, 33.607828 ], [ -85.3325662, 33.6245726 ], [ -85.335073, 33.637078 ], [ -85.33823, 33.653117 ] ] ] ] } },
{ "type": "Feature", "properties": { "ADM0_ISO3": "USA", "ADM0_NAME": "US", "ADM0_CODE": 840, "CST_NAME": "georgia 04", "CST_CODE": 118, "VERSION": "20190215" }, "geometry": { "type": "MultiPolygon", "coordinates": [ [ [ [ -84.313073, 33.84036 ], [ -84.28938, 33.84782 ], [ -84.272296, 33.833854 ], [ -84.179418, 33.864403 ], [ -84.203519, 33.873003 ], [ -84.237113, 33.904447 ], [ -84.210112, 33.911185 ], [ -84.163777, 33.91352 ], [ -84.153027, 33.877103 ], [ -84.126948, 33.875211 ], [ -84.104576, 33.884319 ], [ -84.079853, 33.875665 ], [ -84.034064, 33.869992 ], [ -84.040748, 33.85891 ], [ -83.993733, 33.856012 ], [ -83.984478, 33.87606 ], [ -83.963282, 33.863319 ], [ -83.908465, 33.842845 ], [ -83.982201, 33.78616 ], [ -83.790705, 33.666656 ], [ -83.790228, 33.647233 ], [ -83.824253, 33.63192 ], [ -83.829276, 33.60625 ], [ -83.80819, 33.590416 ], [ -83.823084, 33.556749 ], [ -83.847213, 33.551916 ], [ -83.852059, 33.527944 ], [ -83.872046, 33.538572 ], [ -83.906816, 33.498401 ], [ -83.91557, 33.481391 ], [ -83.981116, 33.486978 ], [ -84.030562, 33.501095 ], [ -84.051331, 33.536124 ], [ -84.065257, 33.549003 ], [ -84.097471, 33.560009 ], [ -84.128735, 33.562931 ], [ -84.179452, 33.632539 ], [ -84.184143, 33.646157 ], [ -84.266882, 33.64717 ], [ -84.249541, 33.696259 ], [ -84.239137, 33.709467 ], [ -84.266826, 33.738177 ], [ -84.260763, 33.745204 ], [ -84.298988, 33.786924 ], [ -84.313073, 33.84036 ] ] ] ] } },
{ "type": "Feature", "properties": { "ADM0_ISO3": "USA", "ADM0_NAME": "US", "ADM0_CODE": 840, "CST_NAME": "georgia 05", "CST_CODE": 119, "VERSION": "20190215" }, "geometry": { "type": "MultiPolygon", "coordinates": [ [ [ [ -84.480134, 33.817319 ], [ -84.47133, 33.825905 ], [ -84.423825, 33.824918 ], [ -84.42241, 33.836806 ], [ -84.382693, 33.853293 ], [ -84.371339, 33.843652 ], [ -84.348132, 33.857557 ], [ -84.348364, 33.845652 ], [ -84.313073, 33.84036 ], [ -84.298988, 33.786924 ], [ -84.260763, 33.745204 ], [ -84.266826, 33.738177 ], [ -84.239137, 33.709467 ], [ -84.249541, 33.696259 ], [ -84.266882, 33.64717 ], [ -84.26297, 33.606953 ], [ -84.243858, 33.598618 ], [ -84.263579, 33.582247 ], [ -84.263702, 33.548923 ], [ -84.283879, 33.549078 ], [ -84.333908, 33.57414 ], [ -84.382481, 33.587308 ], [ -84.38646, 33.59355 ], [ -84.428955, 33.597056 ], [ -84.458556, 33.594436 ], [ -84.458053, 33.629241 ], [ -84.489899, 33.632192 ], [ -84.505494, 33.654273 ], [ -84.535018, 33.658626 ], [ -84.552497, 33.671548 ], [ -84.632131, 33.700312 ], [ -84.586826, 33.729114 ], [ -84.578132, 33.743507 ], [ -84.538033, 33.771104 ], [ -84.480134, 33.817319 ] ] ] ] } },
{ "type": "Feature", "properties": { "ADM0_ISO3": "USA", "ADM0_NAME": "US", "ADM0_CODE": 840, "CST_NAME": "georgia 06", "CST_CODE": 120, "VERSION": "20190215" }, "geometry": { "type": "MultiPolygon", "coordinates": [ [ [ [ -84.258743, 34.185909 ], [ -84.258934, 34.109539 ], [ -84.228623, 34.096758 ], [ -84.213755, 34.099143 ], [ -84.185585, 34.082557 ], [ -84.179204, 34.069694 ], [ -84.142614, 34.054791 ], [ -84.097748, 34.050639 ], [ -84.123465, 34.033489 ], [ -84.157524, 34.032311 ], [ -84.175286, 34.0206 ], [ -84.182023, 33.997597 ], [ -84.226355, 34.004126 ], [ -84.262276, 33.987405 ], [ -84.260217, 33.967552 ], [ -84.272216, 33.944853 ], [ -84.259822, 33.918901 ], [ -84.237113, 33.904447 ], [ -84.203519, 33.873003 ], [ -84.179418, 33.864403 ], [ -84.272296, 33.833854 ], [ -84.28938, 33.84782 ], [ -84.313073, 33.84036 ], [ -84.348364, 33.845652 ], [ -84.348132, 33.857557 ], [ -84.348231, 33.890917 ], [ -84.385392, 33.897139 ], [ -84.387199, 33.912481 ], [ -84.423841, 33.913252 ], [ -84.460894, 33.890178 ], [ -84.479377, 33.911801 ], [ -84.461085, 33.938224 ], [ -84.497774, 33.951785 ], [ -84.504442, 33.941195 ], [ -84.539282, 33.981875 ], [ -84.550667, 34.039296 ], [ -84.571683, 34.076299 ], [ -84.418927, 34.073298 ], [ -84.411662, 34.108113 ], [ -84.361771, 34.124212 ], [ -84.360533, 34.162319 ], [ -84.352249, 34.176779 ], [ -84.328263, 34.186144 ], [ -84.258743, 34.185909 ] ] ] ] } },
{ "type": "Feature", "properties": { "ADM0_ISO3": "USA", "ADM0_NAME": "US", "ADM0_CODE": 840, "CST_NAME": "georgia 07", "CST_CODE": 121, "VERSION": "20190215" }, "geometry": { "type": "MultiPolygon", "coordinates": [ [ [ [ -84.258743, 34.185909 ], [ -84.258689, 34.237094 ], [ -84.208839, 34.235715 ], [ -84.129524, 34.258903 ], [ -84.11219, 34.2495 ], [ -84.074867, 34.258029 ], [ -84.061378, 34.250076 ], [ -84.072715, 34.231834 ], [ -84.057563, 34.204849 ], [ -84.062841, 34.167873 ], [ -83.890097, 34.106179 ], [ -83.898715, 34.087612 ], [ -83.917914, 34.078257 ], [ -83.926481, 34.05035 ], [ -83.916302, 34.033347 ], [ -83.937969, 34.019236 ], [ -83.941786, 34.006175 ], [ -83.920907, 33.990757 ], [ -83.921879, 33.967217 ], [ -83.914128, 33.934846 ], [ -83.933103, 33.912367 ], [ -83.893014, 33.889483 ], [ -83.855066, 33.88531 ], [ -83.908465, 33.842845 ], [ -83.963282, 33.863319 ], [ -83.984478, 33.87606 ], [ -83.993733, 33.856012 ], [ -84.040748, 33.85891 ], [ -84.034064, 33.869992 ], [ -84.079853, 33.875665 ], [ -84.104576, 33.884319 ], [ -84.126948, 33.875211 ], [ -84.153027, 33.877103 ], [ -84.163777, 33.91352 ], [ -84.210112, 33.911185 ], [ -84.237113, 33.904447 ], [ -84.259822, 33.918901 ], [ -84.272216, 33.944853 ], [ -84.260217, 33.967552 ], [ -84.262276, 33.987405 ], [ -84.226355, 34.004126 ], [ -84.182023, 33.997597 ], [ -84.175286, 34.0206 ], [ -84.157524, 34.032311 ], [ -84.123465, 34.033489 ], [ -84.097748, 34.050639 ], [ -84.142614, 34.054791 ], [ -84.179204, 34.069694 ], [ -84.185585, 34.082557 ], [ -84.213755, 34.099143 ], [ -84.228623, 34.096758 ], [ -84.258934, 34.109539 ], [ -84.258743, 34.185909 ] ] ] ] } },
{ "type": "Feature", "properties": { "ADM0_ISO3": "USA", "ADM0_NAME": "US", "ADM0_CODE": 840, "CST_NAME": "georgia 08", "CST_CODE": 122, "VERSION": "20190215" }, "geometry": { "type": "MultiPolygon", "coordinates": [ [ [ [ -84.041498, 33.202629 ], [ -83.877014, 33.202387 ], [ -83.84287, 33.196873 ], [ -83.824585, 33.17564 ], [ -83.814056, 33.14846 ], [ -83.816048, 33.131816 ], [ -83.62439, 33.16108 ], [ -83.439073, 33.18563 ], [ -83.429047, 33.185174 ], [ -83.41774, 33.125136 ], [ -83.398084, 33.054525 ], [ -83.357685, 32.926141 ], [ -83.20616, 32.983597 ], [ -83.189804, 32.975799 ], [ -83.147416, 33.008666 ], [ -83.133847, 33.007248 ], [ -83.095258, 32.959479 ], [ -83.067093, 32.939749 ], [ -83.048316, 32.910083 ], [ -83.046627, 32.885053 ], [ -83.027036, 32.856133 ], [ -82.999267, 32.855955 ], [ -82.978666, 32.844254 ], [ -82.954358, 32.80176 ], [ -82.960759, 32.774658 ], [ -82.946965, 32.759457 ], [ -82.946366, 32.741258 ], [ -82.957066, 32.708318 ], [ -83.040792, 32.673339 ], [ -83.226536, 32.584201 ], [ -83.111323, 32.371839 ], [ -82.990967, 32.147274 ], [ -82.886964, 32.197974 ], [ -82.87179, 32.18273 ], [ -82.939966, 32.125175 ], [ -82.917687, 32.124392 ], [ -82.901958, 32.110304 ], [ -82.887657, 32.079891 ], [ -82.852332, 32.060634 ], [ -82.83749, 32.060747 ], [ -82.800985, 32.044246 ], [ -82.786919, 32.022545 ], [ -82.766826, 32.011619 ], [ -82.728806, 32.006704 ], [ -82.695178, 31.956883 ], [ -82.669981, 31.934365 ], [ -82.652774, 31.928927 ], [ -82.693961, 31.898282 ], [ -82.741763, 31.876881 ], [ -82.757192, 31.857031 ], [ -82.789935, 31.853627 ], [ -82.807392, 31.823618 ], [ -82.838608, 31.808123 ], [ -82.873615, 31.78194 ], [ -82.944604, 31.787356 ], [ -82.97831, 31.793201 ], [ -82.995666, 31.780378 ], [ -82.998794, 31.660467 ], [ -83.01342, 31.660801 ], [ -83.014174, 31.635715 ], [ -83.029361, 31.636185 ], [ -83.058807, 31.611212 ], [ -83.060043, 31.565493 ], [ -83.085437, 31.513621 ], [ -83.11166, 31.478229 ], [ -83.150846, 31.462262 ], [ -83.138618, 31.441528 ], [ -83.140483, 31.420395 ], [ -82.958519, 31.417274 ], [ -82.958061, 31.402998 ], [ -82.844093, 31.403328 ], [ -82.817544, 31.364486 ], [ -82.628975, 31.36393 ], [ -82.629622, 31.274726 ], [ -82.663584, 31.287913 ], [ -82.699206, 31.278104 ], [ -82.70105, 31.223217 ], [ -82.690838, 31.223364 ], [ -82.671669, 31.183739 ], [ -82.740386, 31.183012 ], [ -82.971247, 31.183988 ], [ -82.969798, 31.097036 ], [ -82.971336, 30.869392 ], [ -83.02456, 30.851504 ], [ -83.020491, 30.901364 ], [ -83.036369, 30.916011 ], [ -83.042924, 30.947296 ], [ -83.179465, 30.950128 ], [ -83.179874, 31.005676 ], [ -83.220568, 30.991481 ], [ -83.218955, 30.973274 ], [ -83.244554, 30.973802 ], [ -83.242692, 30.933985 ], [ -83.216346, 30.908605 ], [ -83.195833, 30.919836 ], [ -83.15958, 30.884686 ], [ -83.155156, 30.839814 ], [ -83.148359, 30.82987 ], [ -83.103223, 30.829582 ], [ -83.104365, 30.803703 ], [ -83.124865, 30.803655 ], [ -83.136193, 30.769905 ], [ -83.13283, 30.758533 ], [ -83.136614, 30.623967 ], [ -83.1366943, 30.6239729 ], [ -83.153605, 30.62521 ], [ -83.163309, 30.625895 ], [ -83.1659294, 30.6260384 ], [ -83.171781, 30.62636 ], [ -83.172307, 30.626389 ], [ -83.2038203, 30.6281818 ], [ -83.2269582, 30.6295057 ], [ -83.2269737, 30.6295066 ], [ -83.2289919, 30.6296224 ], [ -83.2333219, 30.6298706 ], [ -83.2469606, 30.6306513 ], [ -83.2470437, 30.6306561 ], [ -83.248424, 30.630735 ], [ -83.249868, 30.630849 ], [ -83.2512257, 30.6309321 ], [ -83.253003, 30.6310409 ], [ -83.2553383, 30.6311839 ], [ -83.2603154, 30.6314891 ], [ -83.264703, 30.631758 ], [ -83.2662965, 30.6318563 ], [ -83.271136, 30.632153 ], [ -83.2918823, 30.6334277 ], [ -83.309171, 30.634401 ], [ -83.311048, 30.6345333 ], [ -83.3111277, 30.6345391 ], [ -83.3121204, 30.6346124 ], [ -83.3132242, 30.6346948 ], [ -83.3133621, 30.6347034 ], [ -83.319836, 30.635087 ], [ -83.3217191, 30.6351905 ], [ -83.3218872, 30.6352002 ], [ -83.3286433, 30.6356051 ], [ -83.3298234, 30.6356758 ], [ -83.3409351, 30.6363414 ], [ -83.3410338, 30.6363473 ], [ -83.3410822, 30.6363502 ], [ -83.34138, 30.636368 ], [ -83.3455916, 30.636619 ], [ -83.3458141, 30.6366323 ], [ -83.3477324, 30.6367464 ], [ -83.3478214, 30.6367518 ], [ -83.3494596, 30.6368537 ], [ -83.3503226, 30.6369074 ], [ -83.3511321, 30.6369571 ], [ -83.3524251, 30.6370365 ], [ -83.3571943, 30.6373292 ], [ -83.3573955, 30.6373415 ], [ -83.3597575, 30.6374857 ], [ -83.3621014, 30.63763 ], [ -83.3656389, 30.6378479 ], [ -83.3659719, 30.6378673 ], [ -83.3748602, 30.6383563 ], [ -83.3748737, 30.6383571 ], [ -83.3794318, 30.638678 ], [ -83.3794601, 30.63868 ], [ -83.379524, 30.638684 ], [ -83.3795324, 30.6386845 ], [ -83.3953742, 30.6394701 ], [ -83.395721, 30.639479 ], [ -83.4019562, 30.6398553 ], [ -83.4068722, 30.6401538 ], [ -83.4295603, 30.6415011 ], [ -83.4296025, 30.6414969 ], [ -83.4371785, 30.6418796 ], [ -83.4379354, 30.6419178 ], [ -83.4399966, 30.6420218 ], [ -83.4488821, 30.6424094 ], [ -83.448944, 30.642413 ], [ -83.4489676, 30.6424141 ], [ -83.4491461, 30.6424242 ], [ -83.467182, 30.6434559 ], [ -83.4765613, 30.6439921 ], [ -83.4767, 30.644 ], [ -83.4973807, 30.6454855 ], [ -83.4999006, 30.6456722 ], [ -83.5030342, 30.6458281 ], [ -83.5100201, 30.6461763 ], [ -83.510033, 30.646177 ], [ -83.5216292, 30.6467775 ], [ -83.533639, 30.6473752 ], [ -83.552996, 30.6483383 ], [ -83.5567133, 30.648523 ], [ -83.5572654, 30.6485504 ], [ -83.5594811, 30.6486603 ], [ -83.5668553, 30.649026 ], [ -83.5744522, 30.6494034 ], [ -83.5817063, 30.6497644 ], [ -83.5834599, 30.6498517 ], [ -83.583614, 30.6498593 ], [ -83.594354, 30.650393 ], [ -83.5948286, 30.6504167 ], [ -83.6116964, 30.6512568 ], [ -83.6141866, 30.6514138 ], [ -83.6142501, 30.6514166 ], [ -83.6247889, 30.6518761 ], [ -83.6248927, 30.6518808 ], [ -83.629235, 30.652133 ], [ -83.6322461, 30.6523078 ], [ -83.6323659, 30.6523148 ], [ -83.674058, 30.654747 ], [ -83.67416, 30.654754 ], [ -83.6742363, 30.6547595 ], [ -83.676571, 30.6549288 ], [ -83.6766189, 30.6549257 ], [ -83.676773, 30.654905 ], [ -83.6768352, 30.6549079 ], [ -83.689123, 30.6554837 ], [ -83.689257, 30.6554898 ], [ -83.6945956, 30.6557267 ], [ -83.6974849, 30.6558553 ], [ -83.7090928, 30.65654 ], [ -83.711062, 30.656656 ], [ -83.711578, 30.65668 ], [ -83.719798, 30.65707 ], [ -83.7228539, 30.657236 ], [ -83.7229101, 30.657239 ], [ -83.723139, 30.657252 ], [ -83.7389444, 30.6581171 ], [ -83.7449027, 30.6584411 ], [ -83.7450861, 30.6584508 ], [ -83.7520064, 30.6588138 ], [ -83.7525773, 30.6588437 ], [ -83.7551073, 30.6589762 ], [ -83.7567673, 30.6590632 ], [ -83.7600242, 30.6592336 ], [ -83.7642462, 30.6594545 ], [ -83.7811999, 30.6603158 ], [ -83.7829772, 30.6604091 ], [ -83.7891857, 30.6607349 ], [ -83.7893443, 30.6607432 ], [ -83.8013898, 30.6613779 ], [ -83.855097, 30.664405 ], [ -83.8557129, 30.6644402 ], [ -83.8742869, 30.665493 ], [ -83.8796899, 30.6658017 ], [ -83.8802424, 30.6658262 ], [ -83.9035207, 30.6668069 ], [ -83.9268508, 30.6679846 ], [ -83.9346639, 30.6683644 ], [ -83.9458818, 30.6688827 ], [ -83.9461397, 30.668894 ], [ -83.9544165, 30.669322 ], [ -83.9545716, 30.66933 ], [ -83.9605344, 30.6696455 ], [ -83.9670239, 30.6699902 ], [ -84.0013926, 30.6717773 ], [ -84.0287332, 30.6732334 ], [ -84.0478711, 30.6741365 ], [ -84.0520511, 30.6743615 ], [ -84.0630383, 30.6749344 ], [ -84.083757, 30.675804 ], [ -84.080278, 30.844809 ], [ -84.07291, 30.865151 ], [ -84.077119, 30.914965 ], [ -84.108263, 30.951072 ], [ -84.119223, 30.983483 ], [ -84.116644, 31.077971 ], [ -84.003627, 31.07729 ], [ -83.999118, 31.351529 ], [ -83.996246, 31.625154 ], [ -83.993374, 31.650034 ], [ -84.012401, 31.663039 ], [ -84.025623, 31.710022 ], [ -84.008174, 31.734847 ], [ -84.003496, 31.754596 ], [ -83.98639, 31.765426 ], [ -84.006386, 31.803769 ], [ -83.979813, 31.809422 ], [ -83.967344, 31.834477 ], [ -83.944262, 31.849505 ], [ -83.879793, 31.836993 ], [ -83.85549, 31.837181 ], [ -83.802223, 31.803495 ], [ -83.612642, 31.804128 ], [ -83.609379, 32.036427 ], [ -83.606397, 32.288435 ], [ -83.848379, 32.29097 ], [ -83.846828, 32.357739 ], [ -83.85654, 32.382399 ], [ -83.837041, 32.382195 ], [ -83.836673, 32.439308 ], [ -83.797712, 32.44699 ], [ -83.797694, 32.496568 ], [ -83.778007, 32.505547 ], [ -83.749007, 32.505248 ], [ -83.748697, 32.534157 ], [ -83.719859, 32.53176 ], [ -83.718631, 32.634983 ], [ -83.709152, 32.651304 ], [ -83.70101, 32.690623 ], [ -83.673942, 32.676958 ], [ -83.626522, 32.669562 ], [ -83.605546, 32.660674 ], [ -83.608586, 32.692636 ], [ -83.592952, 32.738857 ], [ -83.578715, 32.738118 ], [ -83.502603, 32.801119 ], [ -83.48943, 32.82406 ], [ -83.523421, 32.841291 ], [ -83.56507, 32.877164 ], [ -83.578632, 32.865142 ], [ -83.598187, 32.887836 ], [ -83.658211, 32.887913 ], [ -83.662386, 32.841901 ], [ -83.692198, 32.859068 ], [ -83.724889, 32.86328 ], [ -83.758863, 32.849311 ], [ -83.786364, 32.852438 ], [ -83.807422, 32.863315 ], [ -83.863831, 32.864683 ], [ -83.891922, 32.848351 ], [ -84.124275, 32.849562 ], [ -84.12334, 32.932184 ], [ -84.054175, 32.931497 ], [ -84.044113, 32.947874 ], [ -84.041498, 33.202629 ] ] ] ] } },
{ "type": "Feature", "properties": { "ADM0_ISO3": "USA", "ADM0_NAME": "US", "ADM0_CODE": 840, "CST_NAME": "georgia 09", "CST_CODE": 123, "VERSION": "20190215" }, "geometry": { "type": "MultiPolygon", "coordinates": [ [ [ [ -84.621483, 34.988329 ], [ -84.6173389, 34.988326 ], [ -84.6165058, 34.9883254 ], [ -84.604845, 34.988316 ], [ -84.603647, 34.988312 ], [ -84.6007119, 34.988303 ], [ -84.6006996, 34.9883029 ], [ -84.5984779, 34.9882728 ], [ -84.5983878, 34.9882719 ], [ -84.5971745, 34.988268 ], [ -84.5963632, 34.988295 ], [ -84.59636, 34.988295 ], [ -84.595439, 34.988292 ], [ -84.5937517, 34.9883189 ], [ -84.5936951, 34.988319 ], [ -84.5869097, 34.98832 ], [ -84.5868425, 34.9883198 ], [ -84.5810271, 34.9882995 ], [ -84.5806199, 34.9882981 ], [ -84.5729794, 34.988271 ], [ -84.5713165, 34.9882651 ], [ -84.5712684, 34.9882652 ], [ -84.5698961, 34.9882976 ], [ -84.569881, 34.988298 ], [ -84.5693855, 34.988298 ], [ -84.569325, 34.988298 ], [ -84.5687528, 34.988298 ], [ -84.56824, 34.988298 ], [ -84.5584833, 34.9882583 ], [ -84.5583974, 34.9882577 ], [ -84.555168, 34.988206 ], [ -84.5188985, 34.9880831 ], [ -84.5188286, 34.9880829 ], [ -84.5157696, 34.988074 ], [ -84.5156599, 34.9880729 ], [ -84.509886, 34.98801 ], [ -84.5033285, 34.988017 ], [ -84.502248, 34.9880259 ], [ -84.499928, 34.988046 ], [ -84.4903899, 34.9881541 ], [ -84.4873847, 34.9881827 ], [ -84.4666344, 34.9881175 ], [ -84.4639296, 34.98811 ], [ -84.4619625, 34.9881041 ], [ -84.4572314, 34.9880899 ], [ -84.4553887, 34.9881161 ], [ -84.454803, 34.988123 ], [ -84.454689, 34.9881228 ], [ -84.4447204, 34.988106 ], [ -84.4447114, 34.988106 ], [ -84.4333519, 34.988088 ], [ -84.430392, 34.988083 ], [ -84.4285104, 34.98808 ], [ -84.4026191, 34.9880388 ], [ -84.401392, 34.988038 ], [ -84.3986405, 34.988034 ], [ -84.396948, 34.988032 ], [ -84.394903, 34.98803 ], [ -84.3938324, 34.9880665 ], [ -84.3920786, 34.9880418 ], [ -84.3920163, 34.9880409 ], [ -84.3899579, 34.9880212 ], [ -84.3898778, 34.988021 ], [ -84.3898054, 34.9880208 ], [ -84.387395, 34.988013 ], [ -84.3861004, 34.9880091 ], [ -84.384427, 34.988003 ], [ -84.3835856, 34.988001 ], [ -84.38357, 34.988001 ], [ -84.3826966, 34.9879991 ], [ -84.3826709, 34.987999 ], [ -84.3824341, 34.9879985 ], [ -84.3809843, 34.9879954 ], [ -84.3774665, 34.9879862 ], [ -84.377382, 34.987986 ], [ -84.3739091, 34.98814 ], [ -84.3736217, 34.9881854 ], [ -84.3720702, 34.98821 ], [ -84.3713315, 34.9882276 ], [ -84.3710771, 34.9882419 ], [ -84.3686891, 34.9882596 ], [ -84.3674756, 34.988258 ], [ -84.3643357, 34.9882648 ], [ -84.3637079, 34.9882685 ], [ -84.3635037, 34.9882697 ], [ -84.3612802, 34.9882829 ], [ -84.3612394, 34.9882828 ], [ -84.361128, 34.988282 ], [ -84.360688, 34.988279 ], [ -84.3593648, 34.988269 ], [ -84.3591017, 34.988268 ], [ -84.3585684, 34.9882645 ], [ -84.352225, 34.988223 ], [ -84.345448, 34.988275 ], [ -84.345442, 34.9882752 ], [ -84.3453374, 34.9882795 ], [ -84.3449804, 34.9882939 ], [ -84.3449051, 34.9882969 ], [ -84.3444893, 34.9883137 ], [ -84.344483, 34.988314 ], [ -84.344265, 34.988315 ], [ -84.3434356, 34.98832 ], [ -84.3434324, 34.98832 ], [ -84.342748, 34.988324 ], [ -84.3378084, 34.9883529 ], [ -84.3377836, 34.988353 ], [ -84.3376423, 34.9883536 ], [ -84.337546, 34.988354 ], [ -84.3375416, 34.988354 ], [ -84.3368643, 34.9883578 ], [ -84.3367344, 34.9883586 ], [ -84.332633, 34.988382 ], [ -84.3323407, 34.9883847 ], [ -84.328481, 34.988408 ], [ -84.3280648, 34.988411 ], [ -84.3243895, 34.9884092 ], [ -84.3237938, 34.9884089 ], [ -84.3219008, 34.988408 ], [ -84.321869, 34.988408 ], [ -84.3218592, 34.988408 ], [ -84.3179301, 34.988406 ], [ -84.3167819, 34.9884054 ], [ -84.3048461, 34.988401 ], [ -84.3047051, 34.9884003 ], [ -84.2882722, 34.9882714 ], [ -84.286702, 34.988259 ], [ -84.2865319, 34.988261 ], [ -84.286024, 34.988266 ], [ -84.281566, 34.988219 ], [ -84.2815537, 34.9882189 ], [ -84.273497, 34.988158 ], [ -84.268643, 34.988124 ], [ -84.2684594, 34.9881226 ], [ -84.2658332, 34.9881025 ], [ -84.2653385, 34.9880987 ], [ -84.2642152, 34.9880901 ], [ -84.264204, 34.98809 ], [ -84.262887, 34.98808 ], [ -84.2628802, 34.9880799 ], [ -84.2621742, 34.9880741 ], [ -84.2621602, 34.988074 ], [ -84.258055, 34.988044 ], [ -84.249918, 34.988043 ], [ -84.2481944, 34.987924 ], [ -84.244471, 34.987934 ], [ -84.244461, 34.987934 ], [ -84.2403345, 34.987937 ], [ -84.2402825, 34.987937 ], [ -84.2361693, 34.9879409 ], [ -84.2360708, 34.9879409 ], [ -84.2332892, 34.987912 ], [ -84.232398, 34.9879113 ], [ -84.2306056, 34.98791 ], [ -84.2305725, 34.9879099 ], [ -84.2289616, 34.987908 ], [ -84.2289484, 34.987908 ], [ -84.218558, 34.987899 ], [ -84.2185311, 34.987899 ], [ -84.2148251, 34.987896 ], [ -84.214773, 34.987896 ], [ -84.2127502, 34.9878944 ], [ -84.2107853, 34.9878927 ], [ -84.19851, 34.987881 ], [ -84.1976921, 34.987881 ], [ -84.1963681, 34.9878807 ], [ -84.1954446, 34.98788 ], [ -84.195314, 34.9878799 ], [ -84.1911107, 34.987876 ], [ -84.1910742, 34.9878758 ], [ -84.1825862, 34.9878271 ], [ -84.182569, 34.987827 ], [ -84.1823585, 34.9878258 ], [ -84.1685101, 34.9877038 ], [ -84.166114, 34.987682 ], [ -84.1661107, 34.987682 ], [ -84.163609, 34.987679 ], [ -84.161376, 34.987677 ], [ -84.153707, 34.98769 ], [ -84.152153, 34.987681 ], [ -84.1503113, 34.9876768 ], [ -84.147805, 34.987671 ], [ -84.1477682, 34.9876709 ], [ -84.1457842, 34.9876663 ], [ -84.1454867, 34.9876656 ], [ -84.145115, 34.987664 ], [ -84.1428249, 34.9876405 ], [ -84.1420996, 34.987633 ], [ -84.1397183, 34.9876083 ], [ -84.139686, 34.987608 ], [ -84.1206094, 34.9874809 ], [ -84.1009236, 34.9874332 ], [ -84.0834805, 34.9873551 ], [ -84.0831388, 34.9873491 ], [ -84.081686, 34.987316 ], [ -83.9482764, 34.9874024 ], [ -83.9452863, 34.9874243 ], [ -83.9433036, 34.987439 ], [ -83.9366481, 34.987485 ], [ -83.928786, 34.987442 ], [ -83.9187616, 34.9873881 ], [ -83.918302, 34.987386 ], [ -83.911855, 34.987386 ], [ -83.9094343, 34.987387 ], [ -83.9093811, 34.987387 ], [ -83.9061845, 34.987387 ], [ -83.905496, 34.987387 ], [ -83.9009368, 34.987387 ], [ -83.8993264, 34.987387 ], [ -83.8863347, 34.987387 ], [ -83.884766, 34.987387 ], [ -83.883077, 34.987387 ], [ -83.8749021, 34.987388 ], [ -83.8729282, 34.9873825 ], [ -83.8601119, 34.9873532 ], [ -83.8583979, 34.9873492 ], [ -83.858323, 34.987349 ], [ -83.8568004, 34.987346 ], [ -83.8567679, 34.9873459 ], [ -83.8254667, 34.987332 ], [ -83.8254525, 34.9873321 ], [ -83.8247093, 34.9873378 ], [ -83.8246782, 34.987338 ], [ -83.8157769, 34.9874056 ], [ -83.8151926, 34.98741 ], [ -83.8147596, 34.9874132 ], [ -83.8143943, 34.987416 ], [ -83.8100341, 34.987449 ], [ -83.8100299, 34.987449 ], [ -83.808896, 34.987458 ], [ -83.8083155, 34.9874623 ], [ -83.8082253, 34.987463 ], [ -83.7971445, 34.9875473 ], [ -83.7908942, 34.987591 ], [ -83.7908828, 34.987591 ], [ -83.788539, 34.987596 ], [ -83.7879955, 34.9875976 ], [ -83.7499446, 34.9876909 ], [ -83.7498652, 34.9876908 ], [ -83.7361186, 34.9875865 ], [ -83.73566, 34.987583 ], [ -83.7350673, 34.9875785 ], [ -83.732391, 34.987558 ], [ -83.7215127, 34.987475 ], [ -83.7211986, 34.9874726 ], [ -83.7185306, 34.9874522 ], [ -83.7184892, 34.9874518 ], [ -83.7167416, 34.987439 ], [ -83.716738, 34.987439 ], [ -83.7096397, 34.987385 ], [ -83.708606, 34.987377 ], [ -83.7079758, 34.9873727 ], [ -83.7076013, 34.9873701 ], [ -83.7066104, 34.9873622 ], [ -83.7065058, 34.9873614 ], [ -83.6916264, 34.9872482 ], [ -83.676999, 34.987136 ], [ -83.6769824, 34.9871359 ], [ -83.6605152, 34.9870112 ], [ -83.655644, 34.9869745 ], [ -83.6452722, 34.9868956 ], [ -83.6430766, 34.9868791 ], [ -83.642385, 34.9868739 ], [ -83.624886, 34.986742 ], [ -83.6230647, 34.9866863 ], [ -83.619985, 34.986592 ], [ -83.6199855, 34.9866056 ], [ -83.6201829, 34.9920347 ], [ -83.620185, 34.992091 ], [ -83.6173778, 34.9921066 ], [ -83.6171333, 34.992108 ], [ -83.5998273, 34.9922066 ], [ -83.5993695, 34.9922088 ], [ -83.5798197, 34.9923173 ], [ -83.5598226, 34.992432 ], [ -83.55982, 34.992432 ], [ -83.5571552, 34.9924474 ], [ -83.5537858, 34.9924669 ], [ -83.5537735, 34.992467 ], [ -83.5494037, 34.9924919 ], [ -83.5493775, 34.992492 ], [ -83.3662503, 34.9951367 ], [ -83.3216687, 34.9958949 ], [ -83.177393, 34.9995262 ], [ -83.1164888, 35.0005882 ], [ -83.1082392, 35.0003948 ], [ -83.1078291, 35.000088 ], [ -83.1022089, 34.9960414 ], [ -83.1034368, 34.9946386 ], [ -83.0990175, 34.9920429 ], [ -83.0985717, 34.9916618 ], [ -83.09826, 34.9909411 ], [ -83.09826, 34.990785 ], [ -83.0983276, 34.9906442 ], [ -83.1014699, 34.9898698 ], [ -83.1017165, 34.9863791 ], [ -83.1069145, 34.9835811 ], [ -83.1059244, 34.9819681 ], [ -83.1113661, 34.9808771 ], [ -83.1109181, 34.9766021 ], [ -83.1163538, 34.9758096 ], [ -83.1155798, 34.9731605 ], [ -83.1194558, 34.9695489 ], [ -83.1197641, 34.9692666 ], [ -83.1198158, 34.9692133 ], [ -83.1156432, 34.9594382 ], [ -83.1197563, 34.9591602 ], [ -83.1140213, 34.9503822 ], [ -83.12575, 34.9550503 ], [ -83.1270268, 34.9538252 ], [ -83.1270076, 34.9537391 ], [ -83.1260767, 34.9524233 ], [ -83.1247876, 34.9512673 ], [ -83.1274377, 34.9493084 ], [ -83.1272433, 34.9491226 ], [ -83.1262852, 34.9483636 ], [ -83.1241705, 34.9464313 ], [ -83.115686, 34.9412431 ], [ -83.1156156, 34.9410751 ], [ -83.1117264, 34.9350771 ], [ -83.1178828, 34.9360443 ], [ -83.1184968, 34.9354283 ], [ -83.1186435, 34.9348886 ], [ -83.1188152, 34.9339766 ], [ -83.1251255, 34.936897 ], [ -83.1263151, 34.9380112 ], [ -83.1269013, 34.9385543 ], [ -83.127379, 34.9386 ], [ -83.1312257, 34.9363527 ], [ -83.130754, 34.9336865 ], [ -83.1321116, 34.9303248 ], [ -83.134007, 34.9292886 ], [ -83.1347375, 34.9284978 ], [ -83.1367156, 34.9276149 ], [ -83.1393278, 34.9263081 ], [ -83.140176, 34.9252953 ], [ -83.1429722, 34.924735 ], [ -83.1435891, 34.924909 ], [ -83.1457441, 34.9265459 ], [ -83.1504453, 34.9283407 ], [ -83.150928, 34.9286154 ], [ -83.1569313, 34.9307369 ], [ -83.1589333, 34.9291647 ], [ -83.1582923, 34.9276348 ], [ -83.1586147, 34.9260748 ], [ -83.1585782, 34.9252122 ], [ -83.1578819, 34.9199154 ], [ -83.1578696, 34.9198324 ], [ -83.1631973, 34.917813 ], [ -83.1641882, 34.918744 ], [ -83.1685609, 34.9193674 ], [ -83.1688061, 34.9191153 ], [ -83.1690307, 34.9188448 ], [ -83.1696828, 34.9178692 ], [ -83.1697045, 34.9178347 ], [ -83.1698645, 34.9175494 ], [ -83.1705869, 34.9156151 ], [ -83.1706861, 34.9149163 ], [ -83.1723729, 34.9135507 ], [ -83.1733029, 34.9130002 ], [ -83.1733127, 34.9129893 ], [ -83.1734994, 34.9121852 ], [ -83.1805632, 34.9097442 ], [ -83.1805104, 34.9053933 ], [ -83.1939512, 34.8995616 ], [ -83.1945017, 34.8994421 ], [ -83.1955875, 34.8978994 ], [ -83.1974714, 34.8952189 ], [ -83.1977264, 34.8940012 ], [ -83.196765, 34.8916343 ], [ -83.1990369, 34.8918634 ], [ -83.199072, 34.8920832 ], [ -83.2036485, 34.8933243 ], [ -83.201183, 34.885167 ], [ -83.2141728, 34.8854613 ], [ -83.2138608, 34.8863527 ], [ -83.2133511, 34.8868329 ], [ -83.2139358, 34.8885661 ], [ -83.2151182, 34.8881485 ], [ -83.2174887, 34.8822531 ], [ -83.2195964, 34.8813702 ], [ -83.2195613, 34.8783843 ], [ -83.2402737, 34.8787886 ], [ -83.2403261, 34.8787616 ], [ -83.243182, 34.8772426 ], [ -83.2413174, 34.8747904 ], [ -83.24115, 34.8743092 ], [ -83.2348528, 34.8709858 ], [ -83.2353727, 34.8704835 ], [ -83.2354459, 34.8704128 ], [ -83.2385891, 34.8674186 ], [ -83.2383393, 34.8659934 ], [ -83.2479655, 34.8657708 ], [ -83.2463609, 34.8601341 ], [ -83.2481708, 34.8580305 ], [ -83.2463593, 34.8565181 ], [ -83.2532666, 34.8559465 ], [ -83.2534537, 34.8556722 ], [ -83.2535097, 34.8550309 ], [ -83.2529619, 34.8532379 ], [ -83.2529371, 34.8511593 ], [ -83.2538822, 34.8484958 ], [ -83.2536931, 34.8479927 ], [ -83.2485114, 34.8455909 ], [ -83.2668561, 34.8487749 ], [ -83.2690207, 34.8438633 ], [ -83.2692732, 34.8433088 ], [ -83.2695077, 34.8428184 ], [ -83.2705832, 34.8397638 ], [ -83.2706373, 34.8392105 ], [ -83.2709254, 34.8380455 ], [ -83.2709868, 34.8378776 ], [ -83.2721966, 34.8361198 ], [ -83.2684856, 34.8252199 ], [ -83.269254, 34.8243381 ], [ -83.2693022, 34.8242828 ], [ -83.269546, 34.82388 ], [ -83.2683151, 34.8211677 ], [ -83.283151, 34.821328 ], [ -83.2833023, 34.8215706 ], [ -83.2854335, 34.8232867 ], [ -83.2856846, 34.8233852 ], [ -83.2863664, 34.8236525 ], [ -83.2884869, 34.8246537 ], [ -83.2906194, 34.8238796 ], [ -83.2911031, 34.8228296 ], [ -83.2911155, 34.8226575 ], [ -83.2911192, 34.8225359 ], [ -83.2911148, 34.8224883 ], [ -83.2900554, 34.8182885 ], [ -83.2943038, 34.8161948 ], [ -83.2947062, 34.8148946 ], [ -83.300016, 34.8159328 ], [ -83.298947, 34.8174234 ], [ -83.3030928, 34.8187738 ], [ -83.303159, 34.818701 ], [ -83.3064797, 34.8154715 ], [ -83.2995284, 34.809632 ], [ -83.2998534, 34.8075826 ], [ -83.3005806, 34.8052487 ], [ -83.3142185, 34.7995088 ], [ -83.3142802, 34.7981293 ], [ -83.3202766, 34.7932648 ], [ -83.320106, 34.791084 ], [ -83.32343, 34.7899237 ], [ -83.3237993, 34.7897444 ], [ -83.3238794, 34.7896743 ], [ -83.3212359, 34.7789028 ], [ -83.322144, 34.7780803 ], [ -83.3189772, 34.7713097 ], [ -83.3192046, 34.7708047 ], [ -83.3198814, 34.7697081 ], [ -83.3205586, 34.7686564 ], [ -83.3206955, 34.7684792 ], [ -83.3221465, 34.7672516 ], [ -83.3197492, 34.7650177 ], [ -83.3192123, 34.7645308 ], [ -83.3208855, 34.7634098 ], [ -83.3210272, 34.7633229 ], [ -83.3224349, 34.7620325 ], [ -83.3225156, 34.7619212 ], [ -83.3188372, 34.7575012 ], [ -83.3243536, 34.7567159 ], [ -83.3248329, 34.756692 ], [ -83.3249551, 34.7566812 ], [ -83.3263412, 34.7508004 ], [ -83.3284418, 34.7502828 ], [ -83.3325103, 34.7484711 ], [ -83.3326835, 34.7461498 ], [ -83.3360792, 34.743794 ], [ -83.339096, 34.7409707 ], [ -83.3388867, 34.7400584 ], [ -83.3393836, 34.7382256 ], [ -83.339457, 34.7382055 ], [ -83.3495729, 34.7355661 ], [ -83.3496972, 34.7350742 ], [ -83.350048, 34.733666 ], [ -83.3503796, 34.7328073 ], [ -83.3529875, 34.729124 ], [ -83.3533759, 34.7270674 ], [ -83.3523022, 34.7157359 ], [ -83.3499276, 34.7086939 ], [ -83.3496547, 34.7024324 ], [ -83.3539, 34.6991473 ], [ -83.3538499, 34.6984144 ], [ -83.3536295, 34.6978087 ], [ -83.3536239, 34.6977963 ], [ -83.3532836, 34.6973505 ], [ -83.3528189, 34.6969699 ], [ -83.3418458, 34.6930816 ], [ -83.3400125, 34.6909603 ], [ -83.3399544, 34.6908763 ], [ -83.3381764, 34.6875542 ], [ -83.3382002, 34.6874007 ], [ -83.3387833, 34.6866111 ], [ -83.3425946, 34.6829464 ], [ -83.3422742, 34.6823092 ], [ -83.341508, 34.681458 ], [ -83.3405422, 34.6807471 ], [ -83.3404024, 34.6806704 ], [ -83.339537, 34.680215 ], [ -83.3381, 34.6800535 ], [ -83.3371576, 34.6801414 ], [ -83.335843, 34.680504 ], [ -83.3337781, 34.6810227 ], [ -83.3281189, 34.6807983 ], [ -83.325336, 34.679517 ], [ -83.324764, 34.6792124 ], [ -83.323257, 34.67841 ], [ -83.321463, 34.677543 ], [ -83.3205791, 34.676924 ], [ -83.3194497, 34.6759821 ], [ -83.318006, 34.673118 ], [ -83.317484, 34.6714269 ], [ -83.314394, 34.668944 ], [ -83.3121718, 34.6696544 ], [ -83.308917, 34.670273 ], [ -83.307098, 34.670248 ], [ -83.301347, 34.666097 ], [ -83.301334, 34.663825 ], [ -83.3013273, 34.6637937 ], [ -83.3012143, 34.6632614 ], [ -83.2928518, 34.6541782 ], [ -83.2923668, 34.653901 ], [ -83.292183, 34.653796 ], [ -83.291683, 34.653396 ], [ -83.290783, 34.652896 ], [ -83.289283, 34.652196 ], [ -83.2884392, 34.6518444 ], [ -83.283982, 34.649996 ], [ -83.2835047, 34.6499007 ], [ -83.280382, 34.648696 ], [ -83.280082, 34.648496 ], [ -83.279782, 34.648196 ], [ -83.279582, 34.647996 ], [ -83.279389, 34.647706 ], [ -83.278996, 34.646652 ], [ -83.2788125, 34.6460464 ], [ -83.2787175, 34.6457326 ], [ -83.27852, 34.645384 ], [ -83.2779921, 34.6448835 ], [ -83.27796, 34.644853 ], [ -83.277265, 34.644516 ], [ -83.2741908, 34.6430656 ], [ -83.273582, 34.642696 ], [ -83.266968, 34.641156 ], [ -83.2629321, 34.6404053 ], [ -83.255281, 34.637696 ], [ -83.254502, 34.6371118 ], [ -83.253181, 34.635596 ], [ -83.252781, 34.635096 ], [ -83.2523802, 34.6345937 ], [ -83.252281, 34.634296 ], [ -83.250781, 34.633296 ], [ -83.2503531, 34.6330107 ], [ -83.2473962, 34.6297721 ], [ -83.247381, 34.6296959 ], [ -83.246528, 34.627016 ], [ -83.2464615, 34.626897 ], [ -83.246281, 34.626897 ], [ -83.242104, 34.625305 ], [ -83.241781, 34.625154 ], [ -83.241781, 34.625097 ], [ -83.2408031, 34.6245782 ], [ -83.240669, 34.624507 ], [ -83.2406785, 34.624302 ], [ -83.240781, 34.623897 ], [ -83.242381, 34.620497 ], [ -83.242781, 34.619897 ], [ -83.2433879, 34.6191867 ], [ -83.243581, 34.618897 ], [ -83.242629, 34.617784 ], [ -83.238219, 34.6157477 ], [ -83.23598, 34.613997 ], [ -83.2347948, 34.6131765 ], [ -83.2330755, 34.6119934 ], [ -83.2326359, 34.6116417 ], [ -83.2317743, 34.6112956 ], [ -83.23058, 34.610997 ], [ -83.22898, 34.611097 ], [ -83.2278104, 34.6112919 ], [ -83.227054, 34.611079 ], [ -83.226916, 34.611058 ], [ -83.224674, 34.610311 ], [ -83.2234205, 34.6096024 ], [ -83.216403, 34.611011 ], [ -83.2125373, 34.6109257 ], [ -83.2108367, 34.61085 ], [ -83.2092278, 34.6107337 ], [ -83.2087376, 34.6106845 ], [ -83.2038562, 34.6096146 ], [ -83.197379, 34.6035216 ], [ -83.197379, 34.6033613 ], [ -83.1972122, 34.6031643 ], [ -83.1969086, 34.6031039 ], [ -83.1947201, 34.6035201 ], [ -83.1932485, 34.6040719 ], [ -83.1931687, 34.6041048 ], [ -83.192579, 34.604498 ], [ -83.1893807, 34.6055282 ], [ -83.1888108, 34.6057034 ], [ -83.188178, 34.605898 ], [ -83.187378, 34.606298 ], [ -83.186478, 34.606598 ], [ -83.177878, 34.607398 ], [ -83.176378, 34.607298 ], [ -83.170478, 34.607698 ], [ -83.1696932, 34.6074037 ], [ -83.160577, 34.603598 ], [ -83.160274, 34.603598 ], [ -83.159729, 34.603329 ], [ -83.159377, 34.602898 ], [ -83.159277, 34.601798 ], [ -83.1597302, 34.6013448 ], [ -83.1597575, 34.6013175 ], [ -83.159802, 34.601235 ], [ -83.160689, 34.599474 ], [ -83.161433, 34.599569 ], [ -83.1622185, 34.6001135 ], [ -83.1628712, 34.6003583 ], [ -83.164277, 34.600898 ], [ -83.165078, 34.600898 ], [ -83.166478, 34.600698 ], [ -83.1664876, 34.6006948 ], [ -83.1670591, 34.6005045 ], [ -83.1674827, 34.6004307 ], [ -83.1675554, 34.6004181 ], [ -83.1682321, 34.6003056 ], [ -83.170978, 34.598798 ], [ -83.170978, 34.598546 ], [ -83.170978, 34.598098 ], [ -83.1704791, 34.5966682 ], [ -83.170278, 34.595998 ], [ -83.1702733, 34.5959654 ], [ -83.1701782, 34.5952993 ], [ -83.170278, 34.592398 ], [ -83.169674, 34.591693 ], [ -83.163377, 34.590098 ], [ -83.161877, 34.589798 ], [ -83.155655, 34.5887886 ], [ -83.1548771, 34.588423 ], [ -83.154577, 34.588198 ], [ -83.159077, 34.580199 ], [ -83.158977, 34.579499 ], [ -83.148077, 34.575699 ], [ -83.14776, 34.575654 ], [ -83.146877, 34.575499 ], [ -83.1463928, 34.5753053 ], [ -83.1437682, 34.5738917 ], [ -83.1432132, 34.5734299 ], [ -83.139876, 34.567999 ], [ -83.1396791, 34.5672116 ], [ -83.1405843, 34.5644077 ], [ -83.140676, 34.563399 ], [ -83.140776, 34.562699 ], [ -83.1407489, 34.5626665 ], [ -83.140276, 34.562099 ], [ -83.138276, 34.561099 ], [ -83.137276, 34.560799 ], [ -83.131781, 34.559996 ], [ -83.1316763, 34.5601984 ], [ -83.131235, 34.560892 ], [ -83.1310034, 34.5610771 ], [ -83.124876, 34.561099 ], [ -83.122052, 34.558029 ], [ -83.1221175, 34.5579429 ], [ -83.1222972, 34.5577095 ], [ -83.1226552, 34.5573888 ], [ -83.1229433, 34.5571337 ], [ -83.1233112, 34.5569093 ], [ -83.103204, 34.5336347 ], [ -83.1031161, 34.5332537 ], [ -83.1003293, 34.5317967 ], [ -83.098318, 34.5316188 ], [ -83.0973691, 34.5315572 ], [ -83.0938493, 34.5327515 ], [ -83.0880618, 34.5321051 ], [ -83.0878036, 34.5320794 ], [ -83.0876342, 34.5320282 ], [ -83.0870992, 34.531856 ], [ -83.0865727, 34.5316624 ], [ -83.086373, 34.5315816 ], [ -83.0807052, 34.5271977 ], [ -83.0778051, 34.5240112 ], [ -83.0778429, 34.523926 ], [ -83.0817552, 34.521745 ], [ -83.0817973, 34.5217228 ], [ -83.0869232, 34.5158663 ], [ -83.0802544, 34.5145979 ], [ -83.0790162, 34.5139241 ], [ -83.0790113, 34.5139199 ], [ -83.0781863, 34.5122119 ], [ -83.0780737, 34.5117264 ], [ -83.0765562, 34.5079731 ], [ -83.0755213, 34.5069399 ], [ -83.0741767, 34.5056847 ], [ -83.0698682, 34.5024118 ], [ -83.0690373, 34.5019746 ], [ -83.0679037, 34.501546 ], [ -83.066618, 34.5011945 ], [ -83.063107, 34.5019809 ], [ -83.0580821, 34.5036582 ], [ -83.0575238, 34.5036553 ], [ -83.0545571, 34.5029181 ], [ -83.0537096, 34.5023442 ], [ -83.051502, 34.4938426 ], [ -83.0492757, 34.4936557 ], [ -83.032513, 34.483032 ], [ -83.0325061, 34.4830344 ], [ -83.0313349, 34.4834433 ], [ -83.031327, 34.483446 ], [ -83.0307291, 34.483655 ], [ -83.0301053, 34.4838727 ], [ -83.0290033, 34.4840157 ], [ -83.0271226, 34.4832237 ], [ -83.0223182, 34.4813443 ], [ -83.0176119, 34.4784803 ], [ -83.0161119, 34.4779698 ], [ -83.0000325, 34.4727708 ], [ -82.9977711, 34.4724787 ], [ -82.9972474, 34.4723762 ], [ -82.9948869, 34.4733887 ], [ -82.9950404, 34.4740103 ], [ -82.9923395, 34.4791979 ], [ -82.9916533, 34.4795458 ], [ -82.9913536, 34.4796918 ], [ -82.9907336, 34.4799501 ], [ -82.9862725, 34.4807016 ], [ -82.986263, 34.4807041 ], [ -82.986056, 34.4807786 ], [ -82.9775356, 34.4818804 ], [ -82.9745183, 34.4794558 ], [ -82.9702306, 34.4814002 ], [ -82.968381, 34.4819534 ], [ -82.9606705, 34.4820025 ], [ -82.9572901, 34.4792412 ], [ -82.9410585, 34.485972 ], [ -82.9387923, 34.4861333 ], [ -82.9290802, 34.4842702 ], [ -82.9245727, 34.4816374 ], [ -82.8931126, 34.481462 ], [ -82.8916098, 34.4810448 ], [ -82.8866579, 34.4802945 ], [ -82.876464, 34.4656361 ], [ -82.8726937, 34.462674 ], [ -82.8604999, 34.4567044 ], [ -82.8586426, 34.448524 ], [ -82.8558877, 34.4423157 ], [ -82.8553866, 34.4410356 ], [ -82.8552143, 34.4401464 ], [ -82.8549688, 34.4360605 ], [ -82.8544462, 34.4313025 ], [ -82.8526608, 34.427716 ], [ -82.8511826, 34.4266676 ], [ -82.8487428, 34.4239835 ], [ -82.8479586, 34.4209516 ], [ -82.8478394, 34.4206485 ], [ -82.8472438, 34.4201963 ], [ -82.8476642, 34.4185697 ], [ -82.847479, 34.4126734 ], [ -82.8463417, 34.4095596 ], [ -82.8427471, 34.4014568 ], [ -82.8413909, 34.3976096 ], [ -82.8414027, 34.3967855 ], [ -82.835582, 34.3762115 ], [ -82.8352548, 34.372302 ], [ -82.8345044, 34.365368 ], [ -82.8338335, 34.3644266 ], [ -82.833676, 34.3642258 ], [ -82.832484, 34.3634933 ], [ -82.8277506, 34.3609707 ], [ -82.8259599, 34.3605315 ], [ -82.8257794, 34.360533 ], [ -82.8238209, 34.35947 ], [ -82.8229421, 34.3589114 ], [ -82.8178, 34.3554614 ], [ -82.8133471, 34.3526122 ], [ -82.8113091, 34.3507945 ], [ -82.8094101, 34.3496964 ], [ -82.80333, 34.345263 ], [ -82.7968957, 34.3412475 ], [ -82.7945433, 34.3404448 ], [ -82.7943059, 34.3401184 ], [ -82.7933086, 34.3357887 ], [ -82.7930419, 34.3348202 ], [ -82.7926469, 34.334314 ], [ -82.7917111, 34.3331145 ], [ -82.7916507, 34.3329822 ], [ -82.7916069, 34.3327784 ], [ -82.7912216, 34.3307665 ], [ -82.7913005, 34.3287579 ], [ -82.7910214, 34.3238862 ], [ -82.7901567, 34.3220668 ], [ -82.7831165, 34.3045247 ], [ -82.7819898, 34.3031668 ], [ -82.7780649, 34.293646 ], [ -82.7770601, 34.2925058 ], [ -82.77547, 34.2906516 ], [ -82.7750762, 34.2903188 ], [ -82.77239, 34.2877498 ], [ -82.7718813, 34.2869327 ], [ -82.7711267, 34.2857211 ], [ -82.7682854, 34.2835516 ], [ -82.7660478, 34.2820602 ], [ -82.76131, 34.2808938 ], [ -82.7587957, 34.278626 ], [ -82.7569632, 34.2771489 ], [ -82.7553172, 34.2762287 ], [ -82.7533879, 34.2744672 ], [ -82.747704, 34.267692 ], [ -82.7475788, 34.2675355 ], [ -82.7484979, 34.2642651 ], [ -82.7458048, 34.2582802 ], [ -82.7457619, 34.2546483 ], [ -82.74292, 34.2510711 ], [ -82.7430538, 34.250107 ], [ -82.7443311, 34.2467215 ], [ -82.7445439, 34.2465853 ], [ -82.7431335, 34.2358417 ], [ -82.7428923, 34.2336615 ], [ -82.7426788, 34.2321902 ], [ -82.7433757, 34.2273288 ], [ -82.7435471, 34.2271578 ], [ -82.7443733, 34.2256113 ], [ -82.7423389, 34.2134349 ], [ -82.742314, 34.2132347 ], [ -82.7415219, 34.2095506 ], [ -82.7408489, 34.208574 ], [ -82.7406105, 34.2075758 ], [ -82.7319039, 34.1924113 ], [ -82.7320849, 34.1875708 ], [ -82.732091, 34.1862971 ], [ -82.7321556, 34.1796267 ], [ -82.7319503, 34.1786814 ], [ -82.7318287, 34.1782415 ], [ -82.7264921, 34.1710862 ], [ -82.7257673, 34.1702082 ], [ -82.7252407, 34.1694627 ], [ -82.72401, 34.1671861 ], [ -82.7229078, 34.1649815 ], [ -82.698275, 34.139092 ], [ -82.697182, 34.1389316 ], [ -82.69553, 34.138815 ], [ -82.6932146, 34.1391038 ], [ -82.6928031, 34.1390582 ], [ -82.690386, 34.138293 ], [ -82.689156, 34.13712 ], [ -82.68629, 34.134454 ], [ -82.6855738, 34.1341579 ], [ -82.684314, 34.1338547 ], [ -82.6828201, 34.133557 ], [ -82.67732, 34.131657 ], [ -82.6761252, 34.1305886 ], [ -82.6757503, 34.1302532 ], [ -82.67522, 34.129779 ], [ -82.6718161, 34.1252619 ], [ -82.671704, 34.125111 ], [ -82.6669006, 34.1136718 ], [ -82.6662597, 34.1126434 ], [ -82.6653385, 34.1117958 ], [ -82.6628832, 34.1090462 ], [ -82.6620053, 34.1079472 ], [ -82.6562591, 34.1026934 ], [ -82.6553618, 34.1017409 ], [ -82.642176, 34.0927659 ], [ -82.6412188, 34.0913506 ], [ -82.6402444, 34.0877786 ], [ -82.6402213, 34.0868422 ], [ -82.6416013, 34.0840114 ], [ -82.643028, 34.081159 ], [ -82.6452735, 34.0785227 ], [ -82.645529, 34.0762834 ], [ -82.631574, 34.065515 ], [ -82.6315402, 34.0655157 ], [ -82.6295624, 34.0649088 ], [ -82.6283563, 34.0643999 ], [ -82.628138, 34.0642979 ], [ -82.6254325, 34.0613871 ], [ -82.6250196, 34.0607292 ], [ -82.6236524, 34.0593945 ], [ -82.6221194, 34.0584567 ], [ -82.6199309, 34.0525445 ], [ -82.6193089, 34.0515597 ], [ -82.6081437, 34.0386585 ], [ -82.6070723, 34.037855 ], [ -82.6006487, 34.0332691 ], [ -82.599162, 34.0324217 ], [ -82.594441, 34.0240875 ], [ -82.595623, 34.0197553 ], [ -82.5946289, 34.0137919 ], [ -82.5900532, 34.0034108 ], [ -82.5877186, 33.998548 ], [ -82.5836276, 33.9954394 ], [ -82.5828753, 33.9951297 ], [ -82.5813162, 33.9946601 ], [ -82.5787343, 33.9939873 ], [ -82.5760228, 33.9927972 ], [ -82.5805667, 33.9845597 ], [ -82.5805548, 33.9829614 ], [ -82.5804717, 33.9822431 ], [ -82.5726725, 33.9726894 ], [ -82.5721112, 33.9722886 ], [ -82.5720704, 33.9722595 ], [ -82.5716104, 33.9719311 ], [ -82.5705587, 33.9711801 ], [ -82.5701854, 33.9709135 ], [ -82.5697802, 33.9705823 ], [ -82.5658018, 33.9606153 ], [ -82.5657282, 33.9592183 ], [ -82.565629, 33.9583299 ], [ -82.5653975, 33.9571816 ], [ -82.565274, 33.9569183 ], [ -82.5647535, 33.9560847 ], [ -82.5645245, 33.9557396 ], [ -82.602844, 33.979782 ], [ -82.633427, 33.974564 ], [ -82.653893, 33.99064 ], [ -82.701658, 33.981346 ], [ -82.718719, 33.984776 ], [ -82.753566, 33.972253 ], [ -82.777298, 33.971002 ], [ -82.824594, 33.984381 ], [ -82.864334, 33.983658 ], [ -82.880562, 33.998924 ], [ -82.926964, 34.007271 ], [ -82.94265, 34.016552 ], [ -82.951149, 34.036777 ], [ -82.985107, 34.041997 ], [ -83.001602, 34.030899 ], [ -83.0298, 34.030403 ], [ -83.049347, 34.016071 ], [ -83.088577, 34.031136 ], [ -83.104301, 34.026424 ], [ -83.126229, 34.046213 ], [ -83.164299, 34.034519 ], [ -83.193153, 34.010468 ], [ -83.220718, 34.000501 ], [ -83.237006, 34.013557 ], [ -83.268992, 34.000604 ], [ -83.269551, 33.957969 ], [ -83.286156, 33.952945 ], [ -83.297112, 33.972756 ], [ -83.323172, 33.955507 ], [ -83.355257, 33.974358 ], [ -83.37578, 33.97808 ], [ -83.404297, 33.970478 ], [ -83.421682, 33.987468 ], [ -83.454025, 34.004809 ], [ -83.498243, 33.987529 ], [ -83.537385, 33.965912 ], [ -83.563215, 34.031757 ], [ -83.57589, 34.039799 ], [ -83.600248, 34.035354 ], [ -83.614418, 34.046921 ], [ -83.658043, 34.053288 ], [ -83.686664, 34.04847 ], [ -83.751381, 34.064201 ], [ -83.791222, 34.087513 ], [ -83.792221, 34.100304 ], [ -83.817602, 34.127518 ], [ -83.86803, 34.098281 ], [ -83.890097, 34.106179 ], [ -84.062841, 34.167873 ], [ -84.057563, 34.204849 ], [ -84.072715, 34.231834 ], [ -84.061378, 34.250076 ], [ -84.074867, 34.258029 ], [ -84.11219, 34.2495 ], [ -84.129524, 34.258903 ], [ -84.208839, 34.235715 ], [ -84.258689, 34.237094 ], [ -84.257586, 34.380992 ], [ -84.424526, 34.380593 ], [ -84.424525, 34.38707 ], [ -84.412069, 34.39634 ], [ -84.442662, 34.43693 ], [ -84.458801, 34.421598 ], [ -84.494114, 34.444982 ], [ -84.511124, 34.449836 ], [ -84.509174, 34.470011 ], [ -84.474652, 34.46462 ], [ -84.473853, 34.478255 ], [ -84.492854, 34.488496 ], [ -84.450052, 34.502225 ], [ -84.434759, 34.532 ], [ -84.437326, 34.54935 ], [ -84.502812, 34.550476 ], [ -84.654366, 34.548946 ], [ -84.654031, 34.624965 ], [ -84.657098, 34.728905 ], [ -84.638989, 34.75443 ], [ -84.641463, 34.777402 ], [ -84.609749, 34.790937 ], [ -84.582195, 34.824592 ], [ -84.622752, 34.857131 ], [ -84.621483, 34.988329 ] ] ] ] } },
{ "type": "Feature", "properties": { "ADM0_ISO3": "USA", "ADM0_NAME": "US", "ADM0_CODE": 840, "CST_NAME": "georgia 10", "CST_CODE": 124, "VERSION": "20190215" }, "geometry": { "type": "MultiPolygon", "coordinates": [ [ [ [ -84.144193, 33.49121 ], [ -84.138949, 33.533242 ], [ -84.098895, 33.532461 ], [ -84.097471, 33.560009 ], [ -84.065257, 33.549003 ], [ -84.051331, 33.536124 ], [ -84.030562, 33.501095 ], [ -83.981116, 33.486978 ], [ -83.91557, 33.481391 ], [ -83.906816, 33.498401 ], [ -83.872046, 33.538572 ], [ -83.852059, 33.527944 ], [ -83.847213, 33.551916 ], [ -83.823084, 33.556749 ], [ -83.80819, 33.590416 ], [ -83.829276, 33.60625 ], [ -83.824253, 33.63192 ], [ -83.790228, 33.647233 ], [ -83.790705, 33.666656 ], [ -83.982201, 33.78616 ], [ -83.908465, 33.842845 ], [ -83.855066, 33.88531 ], [ -83.893014, 33.889483 ], [ -83.933103, 33.912367 ], [ -83.914128, 33.934846 ], [ -83.921879, 33.967217 ], [ -83.920907, 33.990757 ], [ -83.941786, 34.006175 ], [ -83.937969, 34.019236 ], [ -83.916302, 34.033347 ], [ -83.926481, 34.05035 ], [ -83.917914, 34.078257 ], [ -83.898715, 34.087612 ], [ -83.890097, 34.106179 ], [ -83.86803, 34.098281 ], [ -83.817602, 34.127518 ], [ -83.792221, 34.100304 ], [ -83.791222, 34.087513 ], [ -83.751381, 34.064201 ], [ -83.686664, 34.04847 ], [ -83.658043, 34.053288 ], [ -83.614418, 34.046921 ], [ -83.600248, 34.035354 ], [ -83.57589, 34.039799 ], [ -83.563215, 34.031757 ], [ -83.537385, 33.965912 ], [ -83.498243, 33.987529 ], [ -83.454025, 34.004809 ], [ -83.421682, 33.987468 ], [ -83.404297, 33.970478 ], [ -83.37578, 33.97808 ], [ -83.355257, 33.974358 ], [ -83.323172, 33.955507 ], [ -83.297112, 33.972756 ], [ -83.286156, 33.952945 ], [ -83.269551, 33.957969 ], [ -83.268992, 34.000604 ], [ -83.237006, 34.013557 ], [ -83.220718, 34.000501 ], [ -83.193153, 34.010468 ], [ -83.164299, 34.034519 ], [ -83.126229, 34.046213 ], [ -83.104301, 34.026424 ], [ -83.088577, 34.031136 ], [ -83.049347, 34.016071 ], [ -83.0298, 34.030403 ], [ -83.001602, 34.030899 ], [ -82.985107, 34.041997 ], [ -82.951149, 34.036777 ], [ -82.94265, 34.016552 ], [ -82.926964, 34.007271 ], [ -82.880562, 33.998924 ], [ -82.864334, 33.983658 ], [ -82.824594, 33.984381 ], [ -82.777298, 33.971002 ], [ -82.753566, 33.972253 ], [ -82.718719, 33.984776 ], [ -82.701658, 33.981346 ], [ -82.653893, 33.99064 ], [ -82.633427, 33.974564 ], [ -82.602844, 33.979782 ], [ -82.5645245, 33.9557396 ], [ -82.5544414, 33.9438022 ], [ -82.5524785, 33.9432089 ], [ -82.5503387, 33.9425645 ], [ -82.5491464, 33.9423806 ], [ -82.5431139, 33.9409515 ], [ -82.5404656, 33.9414263 ], [ -82.5397668, 33.9415523 ], [ -82.537902, 33.94232 ], [ -82.530677, 33.94385 ], [ -82.5268062, 33.9437664 ], [ -82.524469, 33.9433346 ], [ -82.5184026, 33.939982 ], [ -82.516673, 33.939026 ], [ -82.5113913, 33.9355784 ], [ -82.5095054, 33.9334538 ], [ -82.491741, 33.908894 ], [ -82.4888386, 33.9073025 ], [ -82.4582858, 33.8852961 ], [ -82.457834, 33.884742 ], [ -82.4570317, 33.8836709 ], [ -82.4564072, 33.8828491 ], [ -82.426513, 33.86467 ], [ -82.4184644, 33.8641283 ], [ -82.4181875, 33.8641771 ], [ -82.4150307, 33.8651098 ], [ -82.414259, 33.865348 ], [ -82.4111073, 33.8658393 ], [ -82.4085455, 33.8662866 ], [ -82.4050337, 33.8658466 ], [ -82.402197, 33.864656 ], [ -82.3961471, 33.8594082 ], [ -82.395736, 33.859089 ], [ -82.393818, 33.8583091 ], [ -82.3906802, 33.8572278 ], [ -82.390527, 33.857162 ], [ -82.3901282, 33.8569708 ], [ -82.3856105, 33.8547466 ], [ -82.3835575, 33.8535279 ], [ -82.3827601, 33.8530209 ], [ -82.3818811, 33.852461 ], [ -82.374848, 33.846276 ], [ -82.3748448, 33.8462721 ], [ -82.374286, 33.84559 ], [ -82.369107, 33.842375 ], [ -82.3681181, 33.8421824 ], [ -82.36034, 33.839141 ], [ -82.3587549, 33.8386883 ], [ -82.3535981, 33.8370125 ], [ -82.352519, 33.83661 ], [ -82.335835, 33.826037 ], [ -82.335099, 33.8255895 ], [ -82.313339, 33.809205 ], [ -82.3132286, 33.8087084 ], [ -82.3102588, 33.8062655 ], [ -82.309577, 33.806046 ], [ -82.305076, 33.80416 ], [ -82.3044613, 33.8038031 ], [ -82.3038947, 33.8035532 ], [ -82.303454, 33.803263 ], [ -82.299992, 33.800264 ], [ -82.299674, 33.799795 ], [ -82.299071, 33.791875 ], [ -82.2992094, 33.7904592 ], [ -82.2993449, 33.7891706 ], [ -82.299587, 33.787661 ], [ -82.2949791, 33.7818681 ], [ -82.2942021, 33.781891 ], [ -82.2795728, 33.7743615 ], [ -82.27926, 33.773947 ], [ -82.275684, 33.770883 ], [ -82.2742064, 33.7698249 ], [ -82.272442, 33.768885 ], [ -82.271574, 33.768504 ], [ -82.271062, 33.768221 ], [ -82.270445, 33.767913 ], [ -82.247472, 33.752591 ], [ -82.2393508, 33.7316992 ], [ -82.239098, 33.730872 ], [ -82.2391126, 33.7303348 ], [ -82.239475, 33.729553 ], [ -82.2394753, 33.7295503 ], [ -82.239517, 33.729126 ], [ -82.235816, 33.71381 ], [ -82.2371262, 33.7084554 ], [ -82.2347404, 33.7011898 ], [ -82.234708, 33.70062 ], [ -82.2347061, 33.7006142 ], [ -82.2346265, 33.7003705 ], [ -82.23432, 33.699836 ], [ -82.2302077, 33.6961574 ], [ -82.2281409, 33.6942248 ], [ -82.2274, 33.693532 ], [ -82.2270115, 33.6930621 ], [ -82.226777, 33.6927785 ], [ -82.22677, 33.69277 ], [ -82.2264994, 33.6922892 ], [ -82.2264301, 33.6921659 ], [ -82.224533, 33.690917 ], [ -82.223898, 33.6903701 ], [ -82.223875, 33.6903471 ], [ -82.223604, 33.6900628 ], [ -82.2235698, 33.6900269 ], [ -82.2227401, 33.6891566 ], [ -82.2226984, 33.6891152 ], [ -82.221676, 33.688272 ], [ -82.2207475, 33.6876933 ], [ -82.2204112, 33.6874934 ], [ -82.219282, 33.686822 ], [ -82.2187642, 33.6863943 ], [ -82.218649, 33.686299 ], [ -82.199807, 33.6613407 ], [ -82.1997942, 33.6612045 ], [ -82.199736, 33.658734 ], [ -82.199747, 33.657611 ], [ -82.199938, 33.655581 ], [ -82.1999387, 33.6555774 ], [ -82.2003555, 33.6534182 ], [ -82.200995, 33.650105 ], [ -82.201181, 33.648591 ], [ -82.2011859, 33.6469255 ], [ -82.200643, 33.645153 ], [ -82.19981, 33.643511 ], [ -82.1995418, 33.6426318 ], [ -82.198913, 33.639467 ], [ -82.1989, 33.638725 ], [ -82.196895, 33.63144 ], [ -82.196584, 33.630583 ], [ -82.196157, 33.630008 ], [ -82.195487, 33.629536 ], [ -82.195185, 33.6292737 ], [ -82.1946769, 33.6288327 ], [ -82.1930681, 33.6274362 ], [ -82.1905372, 33.6252391 ], [ -82.190416, 33.625134 ], [ -82.189141, 33.623722 ], [ -82.186155, 33.620881 ], [ -82.182423, 33.617892 ], [ -82.179855, 33.615946 ], [ -82.177517, 33.614443 ], [ -82.1774736, 33.6144215 ], [ -82.1762041, 33.6137909 ], [ -82.172079, 33.612587 ], [ -82.1705368, 33.6123598 ], [ -82.1691059, 33.6121489 ], [ -82.166424, 33.611761 ], [ -82.164381, 33.611211 ], [ -82.164094, 33.611145 ], [ -82.16376, 33.611068 ], [ -82.161908, 33.610643 ], [ -82.1618508, 33.6106281 ], [ -82.158331, 33.60971 ], [ -82.15652, 33.6087526 ], [ -82.154955, 33.607704 ], [ -82.1538656, 33.6067598 ], [ -82.15379, 33.6066943 ], [ -82.153357, 33.606319 ], [ -82.1501916, 33.5996501 ], [ -82.1489092, 33.5981976 ], [ -82.14758, 33.597181 ], [ -82.1468006, 33.596636 ], [ -82.14616, 33.596188 ], [ -82.145097, 33.595604 ], [ -82.167795, 33.560975 ], [ -82.214784, 33.584158 ], [ -82.228953, 33.577443 ], [ -82.244501, 33.595417 ], [ -82.276769, 33.577096 ], [ -82.291654, 33.577084 ], [ -82.312855, 33.558805 ], [ -82.315376, 33.496622 ], [ -82.275489, 33.491968 ], [ -82.26264, 33.4743 ], [ -82.279047, 33.449904 ], [ -82.312709, 33.44455 ], [ -82.313983, 33.394492 ], [ -82.28283, 33.362695 ], [ -82.350299, 33.314801 ], [ -82.303902, 33.290947 ], [ -82.296532, 33.276844 ], [ -82.262443, 33.265663 ], [ -82.233062, 33.22774 ], [ -82.266724, 33.153402 ], [ -82.281054, 33.110354 ], [ -82.29118, 33.062827 ], [ -82.272353, 32.937796 ], [ -82.313166, 32.842202 ], [ -82.361562, 32.816785 ], [ -82.408514, 32.815054 ], [ -82.419112, 32.801881 ], [ -82.398331, 32.777445 ], [ -82.434149, 32.762258 ], [ -82.452751, 32.728659 ], [ -82.499431, 32.68634 ], [ -82.490315, 32.662035 ], [ -82.469823, 32.650882 ], [ -82.594439, 32.579158 ], [ -82.589764, 32.556133 ], [ -82.564358, 32.532449 ], [ -82.647733, 32.512507 ], [ -82.674457, 32.523866 ], [ -82.668557, 32.612164 ], [ -82.794538, 32.66023 ], [ -82.785782, 32.6867 ], [ -82.862763, 32.71576 ], [ -82.957066, 32.708318 ], [ -82.946366, 32.741258 ], [ -82.946965, 32.759457 ], [ -82.960759, 32.774658 ], [ -82.954358, 32.80176 ], [ -82.978666, 32.844254 ], [ -82.999267, 32.855955 ], [ -83.027036, 32.856133 ], [ -83.046627, 32.885053 ], [ -83.048316, 32.910083 ], [ -83.067093, 32.939749 ], [ -83.095258, 32.959479 ], [ -83.133847, 33.007248 ], [ -83.147416, 33.008666 ], [ -83.189804, 32.975799 ], [ -83.20616, 32.983597 ], [ -83.357685, 32.926141 ], [ -83.398084, 33.054525 ], [ -83.41774, 33.125136 ], [ -83.429047, 33.185174 ], [ -83.439073, 33.18563 ], [ -83.62439, 33.16108 ], [ -83.816048, 33.131816 ], [ -83.814056, 33.14846 ], [ -83.824585, 33.17564 ], [ -83.84287, 33.196873 ], [ -83.877014, 33.202387 ], [ -84.041498, 33.202629 ], [ -84.123767, 33.202824 ], [ -84.122623, 33.252668 ], [ -84.053701, 33.317742 ], [ -84.042669, 33.336544 ], [ -84.05784, 33.367877 ], [ -84.08833, 33.371496 ], [ -84.119536, 33.402883 ], [ -84.148034, 33.403197 ], [ -84.147515, 33.437084 ], [ -84.123226, 33.463981 ], [ -84.144193, 33.49121 ] ] ] ] } },
{ "type": "Feature", "properties": { "ADM0_ISO3": "USA", "ADM0_NAME": "US", "ADM0_CODE": 840, "CST_NAME": "georgia 11", "CST_CODE": 125, "VERSION": "20190215" }, "geometry": { "type": "MultiPolygon", "coordinates": [ [ [ [ -84.424525, 34.38707 ], [ -84.424526, 34.380593 ], [ -84.257586, 34.380992 ], [ -84.258689, 34.237094 ], [ -84.258743, 34.185909 ], [ -84.328263, 34.186144 ], [ -84.352249, 34.176779 ], [ -84.360533, 34.162319 ], [ -84.361771, 34.124212 ], [ -84.411662, 34.108113 ], [ -84.418927, 34.073298 ], [ -84.571683, 34.076299 ], [ -84.550667, 34.039296 ], [ -84.539282, 33.981875 ], [ -84.504442, 33.941195 ], [ -84.497774, 33.951785 ], [ -84.461085, 33.938224 ], [ -84.479377, 33.911801 ], [ -84.460894, 33.890178 ], [ -84.423841, 33.913252 ], [ -84.387199, 33.912481 ], [ -84.385392, 33.897139 ], [ -84.348231, 33.890917 ], [ -84.348132, 33.857557 ], [ -84.371339, 33.843652 ], [ -84.382693, 33.853293 ], [ -84.42241, 33.836806 ], [ -84.423825, 33.824918 ], [ -84.47133, 33.825905 ], [ -84.480134, 33.817319 ], [ -84.515312, 33.843941 ], [ -84.511256, 33.874637 ], [ -84.524257, 33.901774 ], [ -84.557628, 33.910337 ], [ -84.560784, 33.880796 ], [ -84.604211, 33.887549 ], [ -84.604317, 33.905393 ], [ -84.64531, 33.896654 ], [ -84.664566, 33.901708 ], [ -84.72423, 33.903596 ], [ -84.723236, 33.947353 ], [ -84.739636, 33.947602 ], [ -84.737826, 34.08233 ], [ -85.047046, 34.082881 ], [ -85.044658, 34.213622 ], [ -85.023813, 34.213385 ], [ -85.023102, 34.347112 ], [ -85.005235, 34.34708 ], [ -85.005776, 34.392512 ], [ -84.952546, 34.398955 ], [ -84.896282, 34.396297 ], [ -84.837061, 34.397721 ], [ -84.734118, 34.396495 ], [ -84.733878, 34.412968 ], [ -84.58283, 34.412191 ], [ -84.58263, 34.381492 ], [ -84.442326, 34.380392 ], [ -84.424525, 34.38707 ] ] ] ] } },
{ "type": "Feature", "properties": { "ADM0_ISO3": "USA", "ADM0_NAME": "US", "ADM0_CODE": 840, "CST_NAME": "georgia 12", "CST_CODE": 126, "VERSION": "20190215" }, "geometry": { "type": "MultiPolygon", "coordinates": [ [ [ [ -82.957066, 32.708318 ], [ -82.862763, 32.71576 ], [ -82.785782, 32.6867 ], [ -82.794538, 32.66023 ], [ -82.668557, 32.612164 ], [ -82.674457, 32.523866 ], [ -82.647733, 32.512507 ], [ -82.564358, 32.532449 ], [ -82.589764, 32.556133 ], [ -82.594439, 32.579158 ], [ -82.469823, 32.650882 ], [ -82.490315, 32.662035 ], [ -82.499431, 32.68634 ], [ -82.452751, 32.728659 ], [ -82.434149, 32.762258 ], [ -82.398331, 32.777445 ], [ -82.419112, 32.801881 ], [ -82.408514, 32.815054 ], [ -82.361562, 32.816785 ], [ -82.313166, 32.842202 ], [ -82.272353, 32.937796 ], [ -82.29118, 33.062827 ], [ -82.281054, 33.110354 ], [ -82.266724, 33.153402 ], [ -82.233062, 33.22774 ], [ -82.262443, 33.265663 ], [ -82.296532, 33.276844 ], [ -82.303902, 33.290947 ], [ -82.350299, 33.314801 ], [ -82.28283, 33.362695 ], [ -82.313983, 33.394492 ], [ -82.312709, 33.44455 ], [ -82.279047, 33.449904 ], [ -82.26264, 33.4743 ], [ -82.275489, 33.491968 ], [ -82.315376, 33.496622 ], [ -82.312855, 33.558805 ], [ -82.291654, 33.577084 ], [ -82.276769, 33.577096 ], [ -82.244501, 33.595417 ], [ -82.228953, 33.577443 ], [ -82.214784, 33.584158 ], [ -82.167795, 33.560975 ], [ -82.145097, 33.595604 ], [ -82.1448418, 33.5954639 ], [ -82.1447637, 33.59542 ], [ -82.1428857, 33.5942862 ], [ -82.1428395, 33.5942646 ], [ -82.1404194, 33.5932688 ], [ -82.136297, 33.591534 ], [ -82.1350566, 33.5910482 ], [ -82.1334692, 33.5905238 ], [ -82.131926, 33.590203 ], [ -82.127473, 33.590256 ], [ -82.1258913, 33.5907328 ], [ -82.124841, 33.591274 ], [ -82.1232029, 33.5927882 ], [ -82.122129, 33.593686 ], [ -82.1204061, 33.5948705 ], [ -82.118993, 33.595557 ], [ -82.1175121, 33.5962258 ], [ -82.1174927, 33.5962323 ], [ -82.116545, 33.596485 ], [ -82.1152336, 33.5966198 ], [ -82.1129951, 33.5967786 ], [ -82.1128296, 33.5967882 ], [ -82.1109697, 33.5967101 ], [ -82.1108888, 33.5967045 ], [ -82.109376, 33.596581 ], [ -82.104608, 33.59383 ], [ -82.1040068, 33.5931517 ], [ -82.101456, 33.58959 ], [ -82.09968, 33.587478 ], [ -82.0973505, 33.5850988 ], [ -82.096361, 33.5840793 ], [ -82.0941039, 33.5827319 ], [ -82.0920193, 33.5818634 ], [ -82.0919927, 33.5818552 ], [ -82.089584, 33.581158 ], [ -82.087488, 33.580614 ], [ -82.0866751, 33.580461 ], [ -82.0788, 33.578886 ], [ -82.0752416, 33.5781185 ], [ -82.0731087, 33.5775113 ], [ -82.069039, 33.5753819 ], [ -82.0677695, 33.5744934 ], [ -82.0655566, 33.572638 ], [ -82.062671, 33.570422 ], [ -82.052197, 33.564929 ], [ -82.0509277, 33.56487 ], [ -82.048959, 33.56487 ], [ -82.048575, 33.564726 ], [ -82.047967, 33.56455 ], [ -82.0373731, 33.5546586 ], [ -82.0366452, 33.5534001 ], [ -82.028238, 33.544934 ], [ -82.027218, 33.5440416 ], [ -82.023438, 33.540734 ], [ -82.023338, 33.539335 ], [ -82.023438, 33.537935 ], [ -82.019838, 33.535035 ], [ -82.0198261, 33.5350304 ], [ -82.013438, 33.532535 ], [ -82.012423, 33.532096 ], [ -82.011538, 33.531735 ], [ -82.007638, 33.523335 ], [ -82.007134, 33.5228337 ], [ -82.0058758, 33.5224292 ], [ -82.0058493, 33.5224207 ], [ -82.0057329, 33.5223833 ], [ -82.0056024, 33.5223413 ], [ -82.0045721, 33.5220102 ], [ -82.0043343, 33.5219318 ], [ -82.0035418, 33.5212383 ], [ -82.0035254, 33.5212287 ], [ -82.0013386, 33.5201353 ], [ -82.001117, 33.519555 ], [ -82.000753, 33.5186 ], [ -82.000538, 33.518035 ], [ -82.0005154, 33.5180049 ], [ -82.000304, 33.517723 ], [ -81.9999227, 33.5172146 ], [ -81.9995375, 33.5167011 ], [ -81.999536, 33.516699 ], [ -81.9981519, 33.5148536 ], [ -81.9981242, 33.5148136 ], [ -81.9970659, 33.5131779 ], [ -81.996932, 33.512971 ], [ -81.9966904, 33.5125976 ], [ -81.996602, 33.512461 ], [ -81.996593, 33.512447 ], [ -81.995938, 33.511435 ], [ -81.9959256, 33.5114103 ], [ -81.995228, 33.510015 ], [ -81.9952194, 33.5099977 ], [ -81.995138, 33.509835 ], [ -81.991938, 33.504435 ], [ -81.9913038, 33.5029368 ], [ -81.9909171, 33.5020233 ], [ -81.9903884, 33.5007742 ], [ -81.9903821, 33.5007561 ], [ -81.9904845, 33.4983415 ], [ -81.990492, 33.4981658 ], [ -81.990494, 33.498119 ], [ -81.9904953, 33.4981087 ], [ -81.990838, 33.495435 ], [ -81.9909215, 33.4944321 ], [ -81.9909275, 33.4942076 ], [ -81.9898324, 33.4913336 ], [ -81.989338, 33.490036 ], [ -81.9859812, 33.4865805 ], [ -81.9857416, 33.4864434 ], [ -81.9824317, 33.4848827 ], [ -81.982375, 33.484856 ], [ -81.980637, 33.484036 ], [ -81.9735385, 33.4826363 ], [ -81.9718915, 33.4821297 ], [ -81.967037, 33.480636 ], [ -81.960058, 33.477897 ], [ -81.9596939, 33.4777543 ], [ -81.9595941, 33.4777152 ], [ -81.959137, 33.477536 ], [ -81.957971, 33.477124 ], [ -81.9572986, 33.4768669 ], [ -81.9554448, 33.4758171 ], [ -81.955222, 33.475686 ], [ -81.9549019, 33.4755306 ], [ -81.9465437, 33.4717843 ], [ -81.946534, 33.47178 ], [ -81.9464373, 33.4717371 ], [ -81.9464222, 33.4717316 ], [ -81.9417499, 33.4700417 ], [ -81.9416817, 33.4700246 ], [ -81.9341583, 33.468342 ], [ -81.934136, 33.468337 ], [ -81.9330651, 33.4677674 ], [ -81.9325724, 33.4675053 ], [ -81.9322153, 33.4673154 ], [ -81.9310671, 33.4667046 ], [ -81.9307756, 33.4665496 ], [ -81.929512, 33.4658774 ], [ -81.928954, 33.465386 ], [ -81.926336, 33.462937 ], [ -81.9249175, 33.4603475 ], [ -81.924753, 33.460047 ], [ -81.9247391, 33.4600217 ], [ -81.924036, 33.458737 ], [ -81.9240299, 33.4587243 ], [ -81.920836, 33.452038 ], [ -81.920192, 33.450567 ], [ -81.9201523, 33.4504755 ], [ -81.9201367, 33.4504396 ], [ -81.9201357, 33.4504375 ], [ -81.920108, 33.450384 ], [ -81.9194457, 33.4491166 ], [ -81.913532, 33.441274 ], [ -81.913276, 33.43977 ], [ -81.913135, 33.4382976 ], [ -81.915066, 33.434392 ], [ -81.9162369, 33.4331134 ], [ -81.9173196, 33.432349 ], [ -81.9173494, 33.432335 ], [ -81.918866, 33.4316795 ], [ -81.918998, 33.4316224 ], [ -81.919804, 33.431274 ], [ -81.9206998, 33.4309911 ], [ -81.920716, 33.430986 ], [ -81.9220166, 33.4307666 ], [ -81.92486, 33.430586 ], [ -81.927101, 33.43025 ], [ -81.928029, 33.429978 ], [ -81.9280314, 33.4299774 ], [ -81.929741, 33.429594 ], [ -81.9316719, 33.427947 ], [ -81.9318067, 33.427696 ], [ -81.9322649, 33.4267419 ], [ -81.9324017, 33.426258 ], [ -81.932414, 33.426218 ], [ -81.93243, 33.425706 ], [ -81.931918, 33.424874 ], [ -81.931742, 33.424506 ], [ -81.931134, 33.423978 ], [ -81.928126, 33.421835 ], [ -81.9259179, 33.4203148 ], [ -81.9246168, 33.4191725 ], [ -81.923645, 33.418698 ], [ -81.9224367, 33.4181506 ], [ -81.9209071, 33.4173747 ], [ -81.9170312, 33.4163068 ], [ -81.9163459, 33.416124 ], [ -81.9155072, 33.4161706 ], [ -81.915482, 33.4161693 ], [ -81.91358, 33.415994 ], [ -81.912029, 33.415595 ], [ -81.910221, 33.414571 ], [ -81.909885, 33.414027 ], [ -81.909677, 33.413371 ], [ -81.9104968, 33.4103101 ], [ -81.9245197, 33.4124745 ], [ -81.92507, 33.412348 ], [ -81.926142, 33.411372 ], [ -81.939822, 33.408364 ], [ -81.941694, 33.4091 ], [ -81.9416974, 33.4090994 ], [ -81.941759, 33.4091055 ], [ -81.9418726, 33.4091167 ], [ -81.9420598, 33.4091351 ], [ -81.9426427, 33.4091924 ], [ -81.938109, 33.399931 ], [ -81.9372397, 33.3992502 ], [ -81.935453, 33.397851 ], [ -81.9326179, 33.3887885 ], [ -81.9320214, 33.3873443 ], [ -81.9319921, 33.3870156 ], [ -81.931821, 33.384492 ], [ -81.9315517, 33.3821793 ], [ -81.9315269, 33.3820891 ], [ -81.9311087, 33.380825 ], [ -81.9308611, 33.3800764 ], [ -81.9308598, 33.3800743 ], [ -81.93065, 33.3797812 ], [ -81.9301224, 33.379044 ], [ -81.9297124, 33.3784712 ], [ -81.928909, 33.377564 ], [ -81.927533, 33.37694 ], [ -81.925981, 33.376076 ], [ -81.9255225, 33.3756477 ], [ -81.9249825, 33.3751433 ], [ -81.9249743, 33.375107 ], [ -81.9248436, 33.3741865 ], [ -81.9248348, 33.3741134 ], [ -81.924757, 33.3731807 ], [ -81.924737, 33.37294 ], [ -81.9247486, 33.3728934 ], [ -81.924937, 33.37214 ], [ -81.925737, 33.37114 ], [ -81.9269385, 33.370139 ], [ -81.927414, 33.369822 ], [ -81.9278306, 33.3695442 ], [ -81.930237, 33.36834 ], [ -81.9306076, 33.3681766 ], [ -81.931009, 33.368157 ], [ -81.931337, 33.36814 ], [ -81.9313401, 33.36814 ], [ -81.932237, 33.36814 ], [ -81.933737, 33.36854 ], [ -81.934637, 33.36894 ], [ -81.935137, 33.36934 ], [ -81.935837, 33.37014 ], [ -81.9377412, 33.3717421 ], [ -81.9387254, 33.3722342 ], [ -81.9387668, 33.3722499 ], [ -81.9396274, 33.3725368 ], [ -81.9396524, 33.3725412 ], [ -81.940937, 33.37264 ], [ -81.9423345, 33.3725402 ], [ -81.942348, 33.3725384 ], [ -81.943737, 33.37234 ], [ -81.9453375, 33.3716395 ], [ -81.945737, 33.37124 ], [ -81.9460146, 33.3710318 ], [ -81.946137, 33.37094 ], [ -81.9463375, 33.3706388 ], [ -81.94644, 33.370399 ], [ -81.946637, 33.36994 ], [ -81.9468268, 33.3692754 ], [ -81.946836, 33.3684296 ], [ -81.946752, 33.367509 ], [ -81.946737, 33.36734 ], [ -81.9464386, 33.3665443 ], [ -81.945437, 33.36494 ], [ -81.9447391, 33.3640437 ], [ -81.944737, 33.364041 ], [ -81.943672, 33.362976 ], [ -81.943337, 33.362641 ], [ -81.9425795, 33.3620728 ], [ -81.942537, 33.362041 ], [ -81.9417408, 33.3613444 ], [ -81.9414222, 33.3611661 ], [ -81.940837, 33.360841 ], [ -81.9407897, 33.3608138 ], [ -81.9375569, 33.3589525 ], [ -81.937437, 33.358741 ], [ -81.936937, 33.358441 ], [ -81.935313, 33.356789 ], [ -81.9348796, 33.3561079 ], [ -81.9348183, 33.3559569 ], [ -81.9348123, 33.3559296 ], [ -81.934637, 33.355141 ], [ -81.9347353, 33.3539618 ], [ -81.9347411, 33.3539311 ], [ -81.935237, 33.352741 ], [ -81.9364486, 33.3510304 ], [ -81.93751, 33.3500655 ], [ -81.9379582, 33.3496898 ], [ -81.938737, 33.349041 ], [ -81.939337, 33.348441 ], [ -81.9398373, 33.3477402 ], [ -81.940037, 33.347141 ], [ -81.940237, 33.346441 ], [ -81.9401379, 33.3458464 ], [ -81.938037, 33.343841 ], [ -81.9372703, 33.3436493 ], [ -81.9372142, 33.3436381 ], [ -81.9366559, 33.3435683 ], [ -81.9365156, 33.3435508 ], [ -81.9364474, 33.3435423 ], [ -81.936437, 33.343541 ], [ -81.9354896, 33.343541 ], [ -81.93449, 33.343541 ], [ -81.933337, 33.343541 ], [ -81.9320217, 33.3436427 ], [ -81.9311387, 33.3437408 ], [ -81.929437, 33.344441 ], [ -81.928237, 33.344941 ], [ -81.927537, 33.345141 ], [ -81.9271247, 33.3452235 ], [ -81.926537, 33.345341 ], [ -81.9253393, 33.345341 ], [ -81.925337, 33.345341 ], [ -81.9250934, 33.345341 ], [ -81.9247383, 33.345341 ], [ -81.9247358, 33.3453406 ], [ -81.9237401, 33.3450419 ], [ -81.919537, 33.340842 ], [ -81.918751, 33.3402448 ], [ -81.918608, 33.340349 ], [ -81.9185972, 33.340358 ], [ -81.9181507, 33.3407306 ], [ -81.9171844, 33.3414438 ], [ -81.916737, 33.341742 ], [ -81.916037, 33.342242 ], [ -81.9155638, 33.3428873 ], [ -81.914937, 33.343742 ], [ -81.914537, 33.344741 ], [ -81.9140414, 33.3456329 ], [ -81.913637, 33.346441 ], [ -81.9124372, 33.347041 ], [ -81.911857, 33.347154 ], [ -81.911464, 33.347161 ], [ -81.910802, 33.347104 ], [ -81.9099992, 33.3469853 ], [ -81.909737, 33.346941 ], [ -81.909137, 33.346641 ], [ -81.908637, 33.345741 ], [ -81.908437, 33.345042 ], [ -81.908437, 33.343842 ], [ -81.90971, 33.342569 ], [ -81.9101392, 33.3423416 ], [ -81.910737, 33.342242 ], [ -81.912637, 33.342042 ], [ -81.913537, 33.341942 ], [ -81.9143141, 33.3418131 ], [ -81.9144928, 33.3417461 ], [ -81.9150207, 33.3415481 ], [ -81.9150375, 33.3415411 ], [ -81.915537, 33.340742 ], [ -81.9155611, 33.3406998 ], [ -81.915701, 33.340455 ], [ -81.915703, 33.3404514 ], [ -81.915937, 33.340042 ], [ -81.9159374, 33.3400389 ], [ -81.9160192, 33.3394666 ], [ -81.9160364, 33.3393463 ], [ -81.916037, 33.339342 ], [ -81.9161362, 33.338945 ], [ -81.9161378, 33.3389408 ], [ -81.916337, 33.338642 ], [ -81.916637, 33.338542 ], [ -81.916937, 33.338342 ], [ -81.917212, 33.338067 ], [ -81.9173677, 33.3379045 ], [ -81.917637, 33.337542 ], [ -81.918237, 33.336042 ], [ -81.9185718, 33.3356403 ], [ -81.9186369, 33.3355622 ], [ -81.9189372, 33.3349416 ], [ -81.9190603, 33.3346338 ], [ -81.919077, 33.334592 ], [ -81.919137, 33.334442 ], [ -81.9191363, 33.3344371 ], [ -81.9190375, 33.3337458 ], [ -81.9188019, 33.3333999 ], [ -81.918337, 33.332842 ], [ -81.9181359, 33.3327213 ], [ -81.917337, 33.332242 ], [ -81.915937, 33.331842 ], [ -81.915937, 33.3317121 ], [ -81.915637, 33.331342 ], [ -81.9153522, 33.3311521 ], [ -81.915337, 33.331142 ], [ -81.914637, 33.330742 ], [ -81.9136484, 33.3301489 ], [ -81.913637, 33.330142 ], [ -81.9127639, 33.329851 ], [ -81.912437, 33.329642 ], [ -81.912237, 33.329642 ], [ -81.909437, 33.328342 ], [ -81.9087386, 33.3277434 ], [ -81.9081352, 33.3271349 ], [ -81.9080418, 33.3267614 ], [ -81.909092, 33.319983 ], [ -81.907053, 33.320838 ], [ -81.906052, 33.32421 ], [ -81.906085, 33.3244078 ], [ -81.9062107, 33.3251107 ], [ -81.906037, 33.326042 ], [ -81.904637, 33.327142 ], [ -81.9039381, 33.3281403 ], [ -81.903233, 33.32925 ], [ -81.9030034, 33.3297091 ], [ -81.9028701, 33.3299758 ], [ -81.9027386, 33.3302387 ], [ -81.902737, 33.330242 ], [ -81.902737, 33.331242 ], [ -81.902837, 33.332042 ], [ -81.903437, 33.335142 ], [ -81.902337, 33.335842 ], [ -81.9022, 33.33588 ], [ -81.901775, 33.3358951 ], [ -81.901749, 33.335896 ], [ -81.901384, 33.335774 ], [ -81.9009547, 33.3354443 ], [ -81.9009464, 33.3354344 ], [ -81.900337, 33.334642 ], [ -81.9003062, 33.3345186 ], [ -81.9002673, 33.3343633 ], [ -81.9002666, 33.3343604 ], [ -81.900037, 33.333442 ], [ -81.9000247, 33.3334257 ], [ -81.8998233, 33.3331571 ], [ -81.8995842, 33.3328383 ], [ -81.8995578, 33.3328031 ], [ -81.8994395, 33.3326453 ], [ -81.8989074, 33.3322124 ], [ -81.898837, 33.332142 ], [ -81.896937, 33.330542 ], [ -81.8968854, 33.330413 ], [ -81.8965371, 33.3295408 ], [ -81.8966, 33.328914 ], [ -81.8966243, 33.3286696 ], [ -81.8966363, 33.3285489 ], [ -81.896637, 33.328542 ], [ -81.8969362, 33.3276445 ], [ -81.896937, 33.327642 ], [ -81.8978343, 33.3267446 ], [ -81.897837, 33.326742 ], [ -81.899137, 33.325642 ], [ -81.8994311, 33.3251517 ], [ -81.8994379, 33.3251381 ], [ -81.899437, 33.324142 ], [ -81.898637, 33.322942 ], [ -81.8978598, 33.3223591 ], [ -81.892733, 33.3223426 ], [ -81.8915615, 33.3225379 ], [ -81.890537, 33.322442 ], [ -81.890063, 33.322165 ], [ -81.8900561, 33.3221601 ], [ -81.8897094, 33.3219153 ], [ -81.8896993, 33.3219045 ], [ -81.889413, 33.321596 ], [ -81.8891372, 33.3210425 ], [ -81.889937, 33.319043 ], [ -81.890037, 33.318943 ], [ -81.890637, 33.318443 ], [ -81.8912306, 33.3178493 ], [ -81.892037, 33.317243 ], [ -81.8922227, 33.3171104 ], [ -81.892737, 33.316743 ], [ -81.8928359, 33.3164462 ], [ -81.892737, 33.315643 ], [ -81.892537, 33.315343 ], [ -81.892037, 33.315043 ], [ -81.8907549, 33.314843 ], [ -81.890537, 33.314843 ], [ -81.88522, 33.3174451 ], [ -81.8844506, 33.3175413 ], [ -81.8831251, 33.3174357 ], [ -81.8825539, 33.3170549 ], [ -81.882026, 33.316428 ], [ -81.8816366, 33.3158439 ], [ -81.881436, 33.315043 ], [ -81.8814397, 33.3150053 ], [ -81.881536, 33.314043 ], [ -81.883237, 33.311343 ], [ -81.883737, 33.310943 ], [ -81.884137, 33.310443 ], [ -81.884537, 33.309843 ], [ -81.884637, 33.308943 ], [ -81.884337, 33.308143 ], [ -81.882237, 33.306143 ], [ -81.881937, 33.305443 ], [ -81.8818399, 33.3047259 ], [ -81.8819123, 33.304291 ], [ -81.8819365, 33.3041458 ], [ -81.881937, 33.304143 ], [ -81.881837, 33.303843 ], [ -81.8817757, 33.3037204 ], [ -81.881737, 33.303643 ], [ -81.881437, 33.302843 ], [ -81.8812435, 33.3025527 ], [ -81.880937, 33.302343 ], [ -81.880737, 33.302243 ], [ -81.8804373, 33.302243 ], [ -81.878637, 33.302943 ], [ -81.878337, 33.303243 ], [ -81.877937, 33.303743 ], [ -81.877739, 33.3041388 ], [ -81.8773219, 33.3048783 ], [ -81.8771363, 33.3053422 ], [ -81.876905, 33.305712 ], [ -81.8766973, 33.3062427 ], [ -81.8766932, 33.3062512 ], [ -81.8763692, 33.3068585 ], [ -81.876136, 33.307043 ], [ -81.875836, 33.307443 ], [ -81.875436, 33.307743 ], [ -81.8750384, 33.3079418 ], [ -81.875036, 33.307943 ], [ -81.8748917, 33.3081956 ], [ -81.874836, 33.308293 ], [ -81.8745136, 33.3083542 ], [ -81.874336, 33.308443 ], [ -81.873536, 33.309343 ], [ -81.8728362, 33.3101427 ], [ -81.871036, 33.312343 ], [ -81.8704385, 33.3129405 ], [ -81.870436, 33.312943 ], [ -81.869836, 33.313443 ], [ -81.869336, 33.313743 ], [ -81.868636, 33.313943 ], [ -81.8674333, 33.3139423 ], [ -81.867036, 33.313843 ], [ -81.866536, 33.313743 ], [ -81.8662255, 33.3135363 ], [ -81.865991, 33.313312 ], [ -81.8655021, 33.3126307 ], [ -81.865498, 33.312625 ], [ -81.8650653, 33.312023 ], [ -81.8649438, 33.3118539 ], [ -81.864724, 33.3108862 ], [ -81.8643523, 33.3091203 ], [ -81.864544, 33.3051031 ], [ -81.8646323, 33.3046614 ], [ -81.864536, 33.302943 ], [ -81.8644563, 33.3027879 ], [ -81.8641677, 33.3022263 ], [ -81.864166, 33.302223 ], [ -81.8639334, 33.3020395 ], [ -81.863929, 33.302036 ], [ -81.863252, 33.301961 ], [ -81.86271, 33.302096 ], [ -81.8626409, 33.3021374 ], [ -81.86206, 33.302482 ], [ -81.8616365, 33.3029424 ], [ -81.8608864, 33.3043297 ], [ -81.8605382, 33.304939 ], [ -81.860236, 33.305343 ], [ -81.860183, 33.3053695 ], [ -81.8596451, 33.3056384 ], [ -81.8590911, 33.3060665 ], [ -81.8578583, 33.3067112 ], [ -81.857851, 33.306715 ], [ -81.8572473, 33.3076747 ], [ -81.857071, 33.307955 ], [ -81.856563, 33.308858 ], [ -81.8562754, 33.3096389 ], [ -81.8562224, 33.3096929 ], [ -81.8557976, 33.3101197 ], [ -81.855186, 33.310395 ], [ -81.85449, 33.310506 ], [ -81.8527307, 33.3095181 ], [ -81.8517458, 33.3087549 ], [ -81.8511406, 33.3084818 ], [ -81.8499416, 33.3081446 ], [ -81.849136, 33.307943 ], [ -81.8477364, 33.3072432 ], [ -81.8465254, 33.3057254 ], [ -81.846236, 33.305243 ], [ -81.846036, 33.304843 ], [ -81.846036, 33.304343 ], [ -81.8460742, 33.3041519 ], [ -81.8461366, 33.3038415 ], [ -81.8463312, 33.303356 ], [ -81.8463363, 33.3033432 ], [ -81.846936, 33.302444 ], [ -81.8472373, 33.3021427 ], [ -81.8474552, 33.3019248 ], [ -81.8474601, 33.3019199 ], [ -81.8476338, 33.3017462 ], [ -81.847637, 33.3017436 ], [ -81.8477514, 33.3017055 ], [ -81.847936, 33.301644 ], [ -81.8483962, 33.3012605 ], [ -81.8484382, 33.3012255 ], [ -81.848536, 33.301144 ], [ -81.8485391, 33.3011416 ], [ -81.84888, 33.300886 ], [ -81.8489365, 33.3008435 ], [ -81.8493365, 33.300443 ], [ -81.8494838, 33.3001483 ], [ -81.8495361, 33.3000434 ], [ -81.8496321, 33.2995634 ], [ -81.8496315, 33.2995262 ], [ -81.8495364, 33.2991456 ], [ -81.8494224, 33.2989736 ], [ -81.849337, 33.298845 ], [ -81.8492351, 33.2985402 ], [ -81.849036, 33.297744 ], [ -81.848636, 33.296944 ], [ -81.8487459, 33.2967341 ], [ -81.849036, 33.296444 ], [ -81.8496276, 33.2961482 ], [ -81.849734, 33.296186 ], [ -81.850336, 33.296444 ], [ -81.8507869, 33.2969851 ], [ -81.851236, 33.297944 ], [ -81.851636, 33.298544 ], [ -81.852136, 33.299144 ], [ -81.8521433, 33.2991476 ], [ -81.852536, 33.299344 ], [ -81.8535379, 33.299744 ], [ -81.854236, 33.299744 ], [ -81.8549198, 33.2996463 ], [ -81.854936, 33.299644 ], [ -81.855736, 33.299644 ], [ -81.856136, 33.299644 ], [ -81.8573361, 33.299544 ], [ -81.858236, 33.299242 ], [ -81.859436, 33.299144 ], [ -81.860036, 33.299144 ], [ -81.861936, 33.295744 ], [ -81.8617367, 33.2945482 ], [ -81.8617378, 33.2932409 ], [ -81.862136, 33.292544 ], [ -81.862136, 33.292344 ], [ -81.862236, 33.292144 ], [ -81.8624277, 33.2916647 ], [ -81.8631369, 33.2902421 ], [ -81.863336, 33.289844 ], [ -81.859936, 33.285544 ], [ -81.859436, 33.285344 ], [ -81.857836, 33.284744 ], [ -81.857636, 33.284644 ], [ -81.856836, 33.284544 ], [ -81.8562389, 33.2844445 ], [ -81.856236, 33.284444 ], [ -81.8556368, 33.2843441 ], [ -81.8556295, 33.2843427 ], [ -81.855136, 33.284244 ], [ -81.8528065, 33.2838366 ], [ -81.852436, 33.283744 ], [ -81.8521766, 33.2836575 ], [ -81.851836, 33.283544 ], [ -81.8517582, 33.283544 ], [ -81.851336, 33.283544 ], [ -81.850636, 33.283544 ], [ -81.850036, 33.283544 ], [ -81.8500287, 33.2835449 ], [ -81.849236, 33.283644 ], [ -81.848236, 33.283844 ], [ -81.847736, 33.284044 ], [ -81.847336, 33.284144 ], [ -81.847336, 33.284244 ], [ -81.846536, 33.284444 ], [ -81.8460362, 33.284344 ], [ -81.8460293, 33.2843423 ], [ -81.845636, 33.284244 ], [ -81.845436, 33.284044 ], [ -81.845436, 33.2839431 ], [ -81.8445085, 33.2828889 ], [ -81.844436, 33.282744 ], [ -81.844236, 33.282344 ], [ -81.844136, 33.281744 ], [ -81.844236, 33.2810498 ], [ -81.844236, 33.280544 ], [ -81.8424239, 33.2768359 ], [ -81.841536, 33.276244 ], [ -81.840828, 33.275537 ], [ -81.840466, 33.275014 ], [ -81.840029, 33.274633 ], [ -81.839436, 33.274245 ], [ -81.8393691, 33.2741446 ], [ -81.8393092, 33.2740548 ], [ -81.839236, 33.273945 ], [ -81.8388534, 33.2737537 ], [ -81.8386304, 33.2737461 ], [ -81.838136, 33.273845 ], [ -81.837736, 33.274045 ], [ -81.8376987, 33.274045 ], [ -81.837636, 33.274045 ], [ -81.837516, 33.274049 ], [ -81.8370452, 33.2741432 ], [ -81.8370314, 33.2741473 ], [ -81.8366364, 33.2743448 ], [ -81.834636, 33.275545 ], [ -81.8342377, 33.2757441 ], [ -81.833336, 33.276145 ], [ -81.8333289, 33.2761432 ], [ -81.8329462, 33.2760475 ], [ -81.832636, 33.275845 ], [ -81.8324932, 33.2754881 ], [ -81.832436, 33.275345 ], [ -81.832436, 33.275045 ], [ -81.832436, 33.274845 ], [ -81.8325535, 33.2745034 ], [ -81.8325545, 33.274501 ], [ -81.832831, 33.2739799 ], [ -81.8328322, 33.2739777 ], [ -81.832926, 33.2738074 ], [ -81.8329291, 33.2738018 ], [ -81.8332361, 33.2732449 ], [ -81.8338311, 33.272749 ], [ -81.834036, 33.272645 ], [ -81.835536, 33.271645 ], [ -81.8355377, 33.2714416 ], [ -81.835738, 33.271045 ], [ -81.8357363, 33.2651437 ], [ -81.835836, 33.264745 ], [ -81.835936, 33.263154 ], [ -81.8358366, 33.2629462 ], [ -81.8353232, 33.2623418 ], [ -81.8349443, 33.2622471 ], [ -81.834936, 33.262245 ], [ -81.8347183, 33.2622087 ], [ -81.834336, 33.262145 ], [ -81.833936, 33.262245 ], [ -81.833536, 33.262245 ], [ -81.833436, 33.262245 ], [ -81.8333064, 33.2623098 ], [ -81.833236, 33.262345 ], [ -81.8329363, 33.2625448 ], [ -81.832836, 33.262545 ], [ -81.832643, 33.2626415 ], [ -81.8326338, 33.2626471 ], [ -81.8325502, 33.2627307 ], [ -81.8325462, 33.2627348 ], [ -81.8322362, 33.2630448 ], [ -81.8321209, 33.2631313 ], [ -81.831836, 33.263345 ], [ -81.831236, 33.263845 ], [ -81.8312309, 33.2639484 ], [ -81.830936, 33.264145 ], [ -81.8301362, 33.2645449 ], [ -81.830136, 33.2645003 ], [ -81.830136, 33.264445 ], [ -81.8300315, 33.2643465 ], [ -81.8297385, 33.2644441 ], [ -81.8289771, 33.264139 ], [ -81.828836, 33.264045 ], [ -81.828536, 33.263845 ], [ -81.8285346, 33.2638394 ], [ -81.8285137, 33.2637559 ], [ -81.8285003, 33.2637025 ], [ -81.8284385, 33.263455 ], [ -81.8284342, 33.2634381 ], [ -81.8283396, 33.2630596 ], [ -81.8285384, 33.2623425 ], [ -81.828636, 33.262245 ], [ -81.831036, 33.260845 ], [ -81.831736, 33.260145 ], [ -81.8318678, 33.260145 ], [ -81.8319391, 33.2601411 ], [ -81.832336, 33.259645 ], [ -81.8329411, 33.2590398 ], [ -81.833036, 33.258945 ], [ -81.833836, 33.258345 ], [ -81.833915, 33.258345 ], [ -81.833936, 33.258345 ], [ -81.834136, 33.258445 ], [ -81.83451, 33.2583515 ], [ -81.834536, 33.258345 ], [ -81.8346061, 33.2584151 ], [ -81.8353363, 33.2587451 ], [ -81.835736, 33.258845 ], [ -81.837036, 33.260645 ], [ -81.837232, 33.261037 ], [ -81.837436, 33.261845 ], [ -81.837536, 33.262045 ], [ -81.838436, 33.262845 ], [ -81.8389361, 33.263045 ], [ -81.839815, 33.2632397 ], [ -81.840236, 33.263245 ], [ -81.8407965, 33.2632769 ], [ -81.841132, 33.263407 ], [ -81.844692, 33.266745 ], [ -81.8449293, 33.266745 ], [ -81.845136, 33.266745 ], [ -81.845636, 33.266745 ], [ -81.8468394, 33.2666429 ], [ -81.8472153, 33.2664174 ], [ -81.847303, 33.2663648 ], [ -81.847336, 33.266345 ], [ -81.8473779, 33.2662822 ], [ -81.846254, 33.258322 ], [ -81.846136, 33.258145 ], [ -81.8458173, 33.2579659 ], [ -81.845636, 33.257845 ], [ -81.842936, 33.257245 ], [ -81.842036, 33.257245 ], [ -81.8409841, 33.2569931 ], [ -81.840836, 33.256845 ], [ -81.840436, 33.256645 ], [ -81.840136, 33.256545 ], [ -81.839836, 33.256145 ], [ -81.839636, 33.255745 ], [ -81.839636, 33.255245 ], [ -81.840336, 33.254345 ], [ -81.841036, 33.254145 ], [ -81.8422393, 33.2537439 ], [ -81.842536, 33.253645 ], [ -81.843537, 33.253146 ], [ -81.8440173, 33.2529525 ], [ -81.844036, 33.252945 ], [ -81.8442068, 33.2528962 ], [ -81.8442403, 33.2528866 ], [ -81.844736, 33.252745 ], [ -81.845136, 33.252545 ], [ -81.845632, 33.252545 ], [ -81.8456537, 33.2525425 ], [ -81.8463231, 33.2524468 ], [ -81.848336, 33.252845 ], [ -81.8489983, 33.2530342 ], [ -81.849036, 33.253045 ], [ -81.849136, 33.252945 ], [ -81.849736, 33.252945 ], [ -81.850137, 33.252845 ], [ -81.8511827, 33.2525123 ], [ -81.851837, 33.252045 ], [ -81.8518502, 33.2520337 ], [ -81.8525217, 33.2514581 ], [ -81.8525379, 33.2514438 ], [ -81.853137, 33.250745 ], [ -81.853137, 33.250545 ], [ -81.8530582, 33.2504662 ], [ -81.8530381, 33.2504383 ], [ -81.853087, 33.250145 ], [ -81.853237, 33.2496848 ], [ -81.853237, 33.249544 ], [ -81.852937, 33.248745 ], [ -81.8521361, 33.2475723 ], [ -81.852136, 33.247544 ], [ -81.851937, 33.247545 ], [ -81.8517724, 33.2473804 ], [ -81.851537, 33.247145 ], [ -81.8515334, 33.2471432 ], [ -81.8509387, 33.2468458 ], [ -81.8504286, 33.2464387 ], [ -81.8500438, 33.24615 ], [ -81.850037, 33.246145 ], [ -81.849637, 33.245946 ], [ -81.846836, 33.242246 ], [ -81.8465375, 33.2417485 ], [ -81.846036, 33.241446 ], [ -81.845236, 33.241046 ], [ -81.841336, 33.239545 ], [ -81.840124, 33.239168 ], [ -81.8400727, 33.2391552 ], [ -81.8371297, 33.2377407 ], [ -81.8361427, 33.2369096 ], [ -81.835236, 33.236145 ], [ -81.835036, 33.236145 ], [ -81.834836, 33.235846 ], [ -81.834436, 33.235546 ], [ -81.8344025, 33.2355209 ], [ -81.834036, 33.235246 ], [ -81.833336, 33.234746 ], [ -81.8329423, 33.2343522 ], [ -81.832936, 33.234346 ], [ -81.832136, 33.233846 ], [ -81.831336, 33.233145 ], [ -81.8309454, 33.23256 ], [ -81.830936, 33.232546 ], [ -81.8306639, 33.2322285 ], [ -81.8284288, 33.2294316 ], [ -81.828236, 33.229046 ], [ -81.824736, 33.228046 ], [ -81.8239936, 33.2278604 ], [ -81.8225282, 33.2276436 ], [ -81.821536, 33.227346 ], [ -81.8185319, 33.2261444 ], [ -81.817736, 33.225847 ], [ -81.817136, 33.225547 ], [ -81.815536, 33.224747 ], [ -81.811736, 33.223847 ], [ -81.811036, 33.223547 ], [ -81.8098302, 33.2227926 ], [ -81.809636, 33.222647 ], [ -81.808536, 33.220647 ], [ -81.8083374, 33.2198525 ], [ -81.807936, 33.213747 ], [ -81.807336, 33.212646 ], [ -81.806736, 33.212246 ], [ -81.806236, 33.211947 ], [ -81.805536, 33.211647 ], [ -81.804536, 33.211347 ], [ -81.798236, 33.211647 ], [ -81.797036, 33.211347 ], [ -81.796036, 33.210946 ], [ -81.7946432, 33.2102506 ], [ -81.780635, 33.209246 ], [ -81.779935, 33.209446 ], [ -81.776935, 33.221846 ], [ -81.775935, 33.221646 ], [ -81.774335, 33.221147 ], [ -81.774035, 33.2211471 ], [ -81.769535, 33.217847 ], [ -81.768935, 33.217447 ], [ -81.7684192, 33.2168796 ], [ -81.767935, 33.216347 ], [ -81.767535, 33.215246 ], [ -81.767335, 33.214547 ], [ -81.765535, 33.210047 ], [ -81.7652353, 33.2093488 ], [ -81.764335, 33.207147 ], [ -81.764135, 33.206348 ], [ -81.760435, 33.201148 ], [ -81.7596542, 33.2008552 ], [ -81.768235, 33.167949 ], [ -81.743835, 33.14145 ], [ -81.704634, 33.116451 ], [ -81.679433, 33.111751 ], [ -81.645433, 33.094051 ], [ -81.620287, 33.095408 ], [ -81.6172852, 33.0956952 ], [ -81.614994, 33.095551 ], [ -81.614033, 33.095251 ], [ -81.57875, 33.066195 ], [ -81.565501, 33.047888 ], [ -81.5416504, 33.0451338 ], [ -81.5400821, 33.0406163 ], [ -81.538789, 33.039185 ], [ -81.5356578, 33.0385228 ], [ -81.53072, 33.040864 ], [ -81.5295717, 33.0408261 ], [ -81.5291367, 33.0408114 ], [ -81.5284326, 33.039927 ], [ -81.5287825, 33.036902 ], [ -81.528786, 33.036872 ], [ -81.5285791, 33.0361155 ], [ -81.528451, 33.035647 ], [ -81.522742, 33.030836 ], [ -81.5196889, 33.0292113 ], [ -81.5196263, 33.0291804 ], [ -81.513231, 33.028546 ], [ -81.500194, 33.01286 ], [ -81.49983, 33.012308 ], [ -81.49993, 33.000755 ], [ -81.49983, 33.00068 ], [ -81.498766, 33.000155 ], [ -81.494736, 32.978998 ], [ -81.5027162, 32.9386862 ], [ -81.5028126, 32.9376471 ], [ -81.483198, 32.921802 ], [ -81.465051, 32.880896 ], [ -81.451351, 32.868583 ], [ -81.457061, 32.85039 ], [ -81.431914, 32.842878 ], [ -81.430122, 32.841895 ], [ -81.418497, 32.815664 ], [ -81.4252773, 32.795301 ], [ -81.4252347, 32.7942077 ], [ -81.41974, 32.750167 ], [ -81.406074, 32.741625 ], [ -81.427505, 32.702242 ], [ -81.405711, 32.688727 ], [ -81.405109, 32.64269 ], [ -81.411179, 32.6177111 ], [ -81.3859407, 32.5929135 ], [ -81.381894, 32.5902362 ], [ -81.3806655, 32.5895341 ], [ -81.3781167, 32.5888175 ], [ -81.3780088, 32.5888164 ], [ -81.3746418, 32.5908426 ], [ -81.373835, 32.5918679 ], [ -81.3736788, 32.5919415 ], [ -81.3734603, 32.5920172 ], [ -81.3727981, 32.5921084 ], [ -81.3726705, 32.5921061 ], [ -81.3692407, 32.5906613 ], [ -81.3689981, 32.5893537 ], [ -81.3702335, 32.5857909 ], [ -81.3702236, 32.5857589 ], [ -81.3684481, 32.5842544 ], [ -81.3683035, 32.5842214 ], [ -81.3642852, 32.5839366 ], [ -81.3635697, 32.5819266 ], [ -81.3637173, 32.5814797 ], [ -81.3639817, 32.5810679 ], [ -81.3640649, 32.5809782 ], [ -81.3666744, 32.5790261 ], [ -81.3670337, 32.5786988 ], [ -81.3671528, 32.5785321 ], [ -81.3634094, 32.5769683 ], [ -81.3633307, 32.5770244 ], [ -81.3611027, 32.5796347 ], [ -81.359581, 32.5821216 ], [ -81.359226, 32.5822278 ], [ -81.3588255, 32.5822814 ], [ -81.3583277, 32.5822646 ], [ -81.3572611, 32.5818357 ], [ -81.3537713, 32.5794962 ], [ -81.3535501, 32.5789732 ], [ -81.3535137, 32.5788459 ], [ -81.3535651, 32.578163 ], [ -81.3536492, 32.5780035 ], [ -81.3541042, 32.5774606 ], [ -81.3541889, 32.577382 ], [ -81.3557648, 32.5763688 ], [ -81.3552746, 32.5712462 ], [ -81.3548661, 32.5710972 ], [ -81.326023, 32.5604187 ], [ -81.3240269, 32.5599781 ], [ -81.3207649, 32.5595504 ], [ -81.3203307, 32.5595547 ], [ -81.318426, 32.5597082 ], [ -81.3141254, 32.5605148 ], [ -81.3119957, 32.5607283 ], [ -81.307313, 32.561145 ], [ -81.3052648, 32.5615084 ], [ -81.2984808, 32.5630468 ], [ -81.2976571, 32.5629318 ], [ -81.2976371, 32.5629255 ], [ -81.2962641, 32.5622294 ], [ -81.2962205, 32.5621926 ], [ -81.2956895, 32.5616376 ], [ -81.2952994, 32.5607569 ], [ -81.2952878, 32.5605337 ], [ -81.2953679, 32.5599181 ], [ -81.2956902, 32.5588978 ], [ -81.2959104, 32.5584525 ], [ -81.2971678, 32.5568752 ], [ -81.2979465, 32.5558494 ], [ -81.2980693, 32.555267 ], [ -81.2980469, 32.5546282 ], [ -81.2977488, 32.5539659 ], [ -81.2973937, 32.5536599 ], [ -81.2961025, 32.5533512 ], [ -81.2959414, 32.5533672 ], [ -81.2919729, 32.5551431 ], [ -81.2919638, 32.5551511 ], [ -81.2930846, 32.5609053 ], [ -81.288378, 32.5575616 ], [ -81.288329, 32.5570688 ], [ -81.2895029, 32.5531849 ], [ -81.2895717, 32.5530392 ], [ -81.2898751, 32.5525097 ], [ -81.289739, 32.5516882 ], [ -81.2889298, 32.5511811 ], [ -81.2886624, 32.55112 ], [ -81.2885067, 32.5511031 ], [ -81.2860412, 32.5516999 ], [ -81.2859194, 32.5517641 ], [ -81.2844233, 32.5539309 ], [ -81.2844155, 32.5539683 ], [ -81.284301, 32.5556905 ], [ -81.2842953, 32.5557761 ], [ -81.2842862, 32.555834 ], [ -81.283722, 32.5566142 ], [ -81.2835498, 32.5566919 ], [ -81.2817131, 32.5565575 ], [ -81.2812978, 32.5564472 ], [ -81.2801422, 32.5556872 ], [ -81.2799585, 32.5555004 ], [ -81.2793686, 32.554755 ], [ -81.2791308, 32.5542527 ], [ -81.2788248, 32.5532895 ], [ -81.2811218, 32.5494055 ], [ -81.281153, 32.5487466 ], [ -81.2808464, 32.5478493 ], [ -81.2806906, 32.5475738 ], [ -81.2801971, 32.5469808 ], [ -81.2800238, 32.5468333 ], [ -81.2772916, 32.5458954 ], [ -81.2753867, 32.5453315 ], [ -81.2751852, 32.5451003 ], [ -81.2748281, 32.5424733 ], [ -81.276299, 32.538541 ], [ -81.279369, 32.5378683 ], [ -81.2800177, 32.5367367 ], [ -81.2796236, 32.5363127 ], [ -81.2780519, 32.5357853 ], [ -81.2747046, 32.5342346 ], [ -81.2745845, 32.5341362 ], [ -81.2739638, 32.5335355 ], [ -81.2737707, 32.5333163 ], [ -81.2733556, 32.5324251 ], [ -81.27086, 32.529493 ], [ -81.2665611, 32.5276628 ], [ -81.266464, 32.5276 ], [ -81.2660794, 32.5273514 ], [ -81.2622038, 32.5244908 ], [ -81.2597723, 32.5232867 ], [ -81.2584922, 32.5225096 ], [ -81.2557015, 32.5201883 ], [ -81.2552987, 32.5198684 ], [ -81.2483909, 32.5180408 ], [ -81.2476108, 32.5182389 ], [ -81.2417681, 32.5169649 ], [ -81.241716, 32.516928 ], [ -81.2412256, 32.5166516 ], [ -81.2399999, 32.5163784 ], [ -81.2396621, 32.5163752 ], [ -81.239269, 32.5164743 ], [ -81.2391404, 32.5165067 ], [ -81.2386164, 32.5166387 ], [ -81.2382943, 32.5168165 ], [ -81.2371151, 32.5172952 ], [ -81.2329233, 32.5161111 ], [ -81.2321784, 32.5139393 ], [ -81.2321121, 32.5135554 ], [ -81.2327363, 32.5117817 ], [ -81.2329034, 32.5117066 ], [ -81.2384033, 32.5101991 ], [ -81.2384155, 32.5101736 ], [ -81.2387566, 32.507532 ], [ -81.2387535, 32.5075036 ], [ -81.2361321, 32.5042103 ], [ -81.2342994, 32.5028173 ], [ -81.2341886, 32.5023764 ], [ -81.2341365, 32.5021683 ], [ -81.2339655, 32.5012394 ], [ -81.2336269, 32.4987901 ], [ -81.233204, 32.4982005 ], [ -81.226928, 32.4932635 ], [ -81.2206349, 32.4869116 ], [ -81.2157168, 32.4819175 ], [ -81.1923992, 32.4647929 ], [ -81.186969, 32.4637359 ], [ -81.1899721, 32.4605287 ], [ -81.19232, 32.4558534 ], [ -81.1923028, 32.4536122 ], [ -81.19259, 32.453486 ], [ -81.1950961, 32.4541771 ], [ -81.1975094, 32.4514211 ], [ -81.1974476, 32.4493194 ], [ -81.1979159, 32.4485247 ], [ -81.2031695, 32.4526833 ], [ -81.2053112, 32.4514038 ], [ -81.2065272, 32.4486647 ], [ -81.2039079, 32.4462936 ], [ -81.2002515, 32.4455977 ], [ -81.1993003, 32.4430837 ], [ -81.2017423, 32.4402674 ], [ -81.204373, 32.4387655 ], [ -81.2076334, 32.4378181 ], [ -81.208108, 32.4375943 ], [ -81.2081493, 32.4375581 ], [ -81.2084131, 32.4371623 ], [ -81.2085048, 32.4364363 ], [ -81.2084553, 32.4361398 ], [ -81.2057685, 32.4292086 ], [ -81.2052731, 32.4278025 ], [ -81.20523, 32.4249541 ], [ -81.2000707, 32.4177624 ], [ -81.1965488, 32.4132794 ], [ -81.1953439, 32.4119478 ], [ -81.1934342, 32.4103109 ], [ -81.188111, 32.4046424 ], [ -81.1874042, 32.4033725 ], [ -81.1773238, 32.3898186 ], [ -81.1778474, 32.3859918 ], [ -81.181861, 32.3796961 ], [ -81.1811349, 32.3787526 ], [ -81.218251, 32.351968 ], [ -81.274967, 32.33166 ], [ -81.282261, 32.295797 ], [ -81.320874, 32.266323 ], [ -81.342385, 32.244173 ], [ -81.370532, 32.240143 ], [ -81.390957, 32.264784 ], [ -81.393877, 32.293635 ], [ -81.4269, 32.284923 ], [ -81.438369, 32.271904 ], [ -81.435756, 32.24131 ], [ -81.624809, 32.189681 ], [ -81.780618, 32.15296 ], [ -81.776077, 32.132584 ], [ -81.757039, 32.105103 ], [ -81.741043, 32.1045 ], [ -81.718658, 32.089351 ], [ -81.761735, 32.0479 ], [ -81.824405, 32.014882 ], [ -81.873817, 31.970097 ], [ -81.889168, 31.947071 ], [ -81.881996, 31.918341 ], [ -81.912529, 31.886833 ], [ -81.922943, 31.850609 ], [ -81.940414, 31.839872 ], [ -81.956383, 31.808706 ], [ -82.007139, 31.800646 ], [ -82.048775, 31.826791 ], [ -82.087242, 31.821003 ], [ -82.087247, 31.799509 ], [ -82.133013, 31.773404 ], [ -82.132794, 31.471262 ], [ -82.155075, 31.471116 ], [ -82.219044, 31.518709 ], [ -82.240692, 31.555622 ], [ -82.318077, 31.594286 ], [ -82.348526, 31.620661 ], [ -82.389152, 31.637814 ], [ -82.407509, 31.6392 ], [ -82.43782, 31.661352 ], [ -82.472725, 31.680157 ], [ -82.495866, 31.710588 ], [ -82.52142, 31.710796 ], [ -82.521393, 31.672512 ], [ -82.627342, 31.672672 ], [ -82.628273, 31.558329 ], [ -82.596283, 31.557899 ], [ -82.597509, 31.469293 ], [ -82.628181, 31.469351 ], [ -82.628975, 31.36393 ], [ -82.817544, 31.364486 ], [ -82.844093, 31.403328 ], [ -82.958061, 31.402998 ], [ -82.958519, 31.417274 ], [ -83.140483, 31.420395 ], [ -83.138618, 31.441528 ], [ -83.150846, 31.462262 ], [ -83.11166, 31.478229 ], [ -83.085437, 31.513621 ], [ -83.060043, 31.565493 ], [ -83.058807, 31.611212 ], [ -83.029361, 31.636185 ], [ -83.014174, 31.635715 ], [ -83.01342, 31.660801 ], [ -82.998794, 31.660467 ], [ -82.995666, 31.780378 ], [ -82.97831, 31.793201 ], [ -82.944604, 31.787356 ], [ -82.873615, 31.78194 ], [ -82.838608, 31.808123 ], [ -82.807392, 31.823618 ], [ -82.789935, 31.853627 ], [ -82.757192, 31.857031 ], [ -82.741763, 31.876881 ], [ -82.693961, 31.898282 ], [ -82.652774, 31.928927 ], [ -82.669981, 31.934365 ], [ -82.695178, 31.956883 ], [ -82.728806, 32.006704 ], [ -82.766826, 32.011619 ], [ -82.786919, 32.022545 ], [ -82.800985, 32.044246 ], [ -82.83749, 32.060747 ], [ -82.852332, 32.060634 ], [ -82.887657, 32.079891 ], [ -82.901958, 32.110304 ], [ -82.917687, 32.124392 ], [ -82.939966, 32.125175 ], [ -82.87179, 32.18273 ], [ -82.886964, 32.197974 ], [ -82.990967, 32.147274 ], [ -83.111323, 32.371839 ], [ -83.226536, 32.584201 ], [ -83.040792, 32.673339 ], [ -82.957066, 32.708318 ] ] ] ] } },
{ "type": "Feature", "properties": { "ADM0_ISO3": "USA", "ADM0_NAME": "US", "ADM0_CODE": 840, "CST_NAME": "georgia 13", "CST_CODE": 127, "VERSION": "20190215" }, "geometry": { "type": "MultiPolygon", "coordinates": [ [ [ [ -84.901688, 33.780703 ], [ -84.879151, 33.774758 ], [ -84.763796, 33.787343 ], [ -84.724119, 33.788604 ], [ -84.72423, 33.903596 ], [ -84.664566, 33.901708 ], [ -84.64531, 33.896654 ], [ -84.604317, 33.905393 ], [ -84.604211, 33.887549 ], [ -84.560784, 33.880796 ], [ -84.557628, 33.910337 ], [ -84.524257, 33.901774 ], [ -84.511256, 33.874637 ], [ -84.515312, 33.843941 ], [ -84.480134, 33.817319 ], [ -84.538033, 33.771104 ], [ -84.578132, 33.743507 ], [ -84.586826, 33.729114 ], [ -84.632131, 33.700312 ], [ -84.552497, 33.671548 ], [ -84.535018, 33.658626 ], [ -84.505494, 33.654273 ], [ -84.489899, 33.632192 ], [ -84.458053, 33.629241 ], [ -84.458556, 33.594436 ], [ -84.428955, 33.597056 ], [ -84.38646, 33.59355 ], [ -84.382481, 33.587308 ], [ -84.333908, 33.57414 ], [ -84.283879, 33.549078 ], [ -84.263702, 33.548923 ], [ -84.263579, 33.582247 ], [ -84.243858, 33.598618 ], [ -84.26297, 33.606953 ], [ -84.266882, 33.64717 ], [ -84.184143, 33.646157 ], [ -84.179452, 33.632539 ], [ -84.128735, 33.562931 ], [ -84.097471, 33.560009 ], [ -84.098895, 33.532461 ], [ -84.138949, 33.533242 ], [ -84.144193, 33.49121 ], [ -84.176623, 33.491399 ], [ -84.215451, 33.482354 ], [ -84.206013, 33.450088 ], [ -84.253764, 33.441706 ], [ -84.253469, 33.419044 ], [ -84.275635, 33.389781 ], [ -84.353824, 33.397291 ], [ -84.3544, 33.352514 ], [ -84.388118, 33.352465 ], [ -84.387068, 33.4007 ], [ -84.402196, 33.436368 ], [ -84.381759, 33.463414 ], [ -84.397479, 33.485738 ], [ -84.421189, 33.460549 ], [ -84.4653, 33.484487 ], [ -84.485813, 33.474328 ], [ -84.48461, 33.4486 ], [ -84.526487, 33.444879 ], [ -84.557477, 33.468257 ], [ -84.564356, 33.49519 ], [ -84.556857, 33.528405 ], [ -84.621031, 33.510713 ], [ -84.749934, 33.510795 ], [ -84.827611, 33.513329 ], [ -84.815161, 33.52465 ], [ -84.832336, 33.545267 ], [ -84.808934, 33.574085 ], [ -84.905788, 33.573378 ], [ -84.902731, 33.649046 ], [ -84.901688, 33.780703 ] ] ] ] } },
{ "type": "Feature", "properties": { "ADM0_ISO3": "USA", "ADM0_NAME": "US", "ADM0_CODE": 840, "CST_NAME": "georgia 14", "CST_CODE": 128, "VERSION": "20190215" }, "geometry": { "type": "MultiPolygon", "coordinates": [ [ [ [ -85.6044656, 34.9846715 ], [ -85.604089, 34.984668 ], [ -85.6032819, 34.98466 ], [ -85.603279, 34.98466 ], [ -85.5957956, 34.9845561 ], [ -85.594944, 34.984545 ], [ -85.5948963, 34.9845444 ], [ -85.570583, 34.984228 ], [ -85.5552691, 34.9840292 ], [ -85.555095, 34.9840269 ], [ -85.5537718, 34.9840098 ], [ -85.5536735, 34.9840085 ], [ -85.5532906, 34.9840035 ], [ -85.552714, 34.983996 ], [ -85.5525695, 34.9839941 ], [ -85.5370021, 34.9837922 ], [ -85.5369791, 34.9837919 ], [ -85.5340088, 34.9837531 ], [ -85.534002, 34.983753 ], [ -85.533142, 34.983742 ], [ -85.5223007, 34.9836 ], [ -85.521991, 34.983596 ], [ -85.5215712, 34.9835912 ], [ -85.521558, 34.983591 ], [ -85.5202532, 34.9835732 ], [ -85.517973, 34.983544 ], [ -85.514202, 34.983498 ], [ -85.5032494, 34.9833647 ], [ -85.4999666, 34.9832691 ], [ -85.4999513, 34.9832686 ], [ -85.4981318, 34.983197 ], [ -85.4979849, 34.9831975 ], [ -85.4968849, 34.9832116 ], [ -85.4967756, 34.9832112 ], [ -85.4877711, 34.9831237 ], [ -85.486069, 34.9831071 ], [ -85.4853412, 34.9831 ], [ -85.485337, 34.9831 ], [ -85.4851766, 34.983104 ], [ -85.4850729, 34.9831066 ], [ -85.484697, 34.983116 ], [ -85.4846781, 34.9831158 ], [ -85.4807246, 34.9830802 ], [ -85.4741677, 34.9830209 ], [ -85.474073, 34.98302 ], [ -85.466718, 34.982972 ], [ -85.4665322, 34.982972 ], [ -85.464074, 34.982972 ], [ -85.4634619, 34.9829727 ], [ -85.459401, 34.982988 ], [ -85.4317276, 34.9829571 ], [ -85.4316865, 34.982957 ], [ -85.429091, 34.982942 ], [ -85.42727, 34.9829298 ], [ -85.4256821, 34.982924 ], [ -85.4256124, 34.982924 ], [ -85.425584, 34.982924 ], [ -85.422545, 34.982948 ], [ -85.4223281, 34.982956 ], [ -85.422294, 34.9829562 ], [ -85.4160438, 34.9829857 ], [ -85.415544, 34.982988 ], [ -85.4121833, 34.982924 ], [ -85.409688, 34.98294 ], [ -85.4096823, 34.9829406 ], [ -85.409431, 34.982972 ], [ -85.4092136, 34.9829616 ], [ -85.4086909, 34.9829368 ], [ -85.408425, 34.982924 ], [ -85.4082919, 34.9829275 ], [ -85.4020386, 34.9829605 ], [ -85.399048, 34.982972 ], [ -85.395596, 34.982971 ], [ -85.395096, 34.982971 ], [ -85.39484, 34.982954 ], [ -85.3913841, 34.9829663 ], [ -85.3909611, 34.9829677 ], [ -85.3849682, 34.982987 ], [ -85.384293, 34.9829934 ], [ -85.3797181, 34.983035 ], [ -85.3797099, 34.983035 ], [ -85.379512, 34.983035 ], [ -85.365238, 34.983291 ], [ -85.364758, 34.983375 ], [ -85.3644895, 34.983375 ], [ -85.363919, 34.9833749 ], [ -85.363558, 34.983375 ], [ -85.363551, 34.983375 ], [ -85.3624334, 34.983375 ], [ -85.362358, 34.983375 ], [ -85.3579667, 34.983487 ], [ -85.357558, 34.983475 ], [ -85.3516391, 34.983575 ], [ -85.3474144, 34.9836234 ], [ -85.345558, 34.983675 ], [ -85.3424584, 34.983775 ], [ -85.341558, 34.983775 ], [ -85.3415155, 34.983776 ], [ -85.3355692, 34.9839193 ], [ -85.3326597, 34.983975 ], [ -85.332586, 34.983975 ], [ -85.3279014, 34.983975 ], [ -85.327757, 34.983975 ], [ -85.327504, 34.983975 ], [ -85.3274327, 34.9839759 ], [ -85.3255052, 34.9840505 ], [ -85.3254846, 34.9840513 ], [ -85.3242394, 34.9840995 ], [ -85.3241255, 34.984104 ], [ -85.3239084, 34.9841125 ], [ -85.3231023, 34.984144 ], [ -85.3230835, 34.9841447 ], [ -85.3228338, 34.9841545 ], [ -85.322677, 34.984155 ], [ -85.320069, 34.984235 ], [ -85.320022, 34.984234 ], [ -85.3198906, 34.9842313 ], [ -85.3195395, 34.9842241 ], [ -85.3182462, 34.9841975 ], [ -85.3173015, 34.984178 ], [ -85.3161925, 34.9842038 ], [ -85.3126348, 34.9843099 ], [ -85.312631, 34.98431 ], [ -85.3103787, 34.984375 ], [ -85.3076381, 34.9843759 ], [ -85.305542, 34.9844711 ], [ -85.3054505, 34.984475 ], [ -85.3012117, 34.984475 ], [ -85.3009607, 34.9844829 ], [ -85.2987868, 34.9845186 ], [ -85.2981251, 34.984534 ], [ -85.2898712, 34.9847746 ], [ -85.289856, 34.984775 ], [ -85.2895445, 34.984775 ], [ -85.289483, 34.984775 ], [ -85.2878581, 34.9847848 ], [ -85.286957, 34.984874 ], [ -85.285856, 34.984775 ], [ -85.2851927, 34.984775 ], [ -85.2791766, 34.9849312 ], [ -85.2758636, 34.9849749 ], [ -85.275834, 34.9849749 ], [ -85.2730632, 34.984975 ], [ -85.272856, 34.984975 ], [ -85.2725098, 34.9849932 ], [ -85.2710337, 34.9850709 ], [ -85.2709402, 34.985075 ], [ -85.2707279, 34.985075 ], [ -85.269656, 34.985075 ], [ -85.268956, 34.985075 ], [ -85.2670737, 34.9851741 ], [ -85.267057, 34.985175 ], [ -85.2650563, 34.985075 ], [ -85.264055, 34.985075 ], [ -85.2639397, 34.9850763 ], [ -85.2570224, 34.985152 ], [ -85.2570198, 34.985152 ], [ -85.2553802, 34.9851703 ], [ -85.25533, 34.985171 ], [ -85.2522043, 34.9852295 ], [ -85.252187, 34.985231 ], [ -85.2497928, 34.9852773 ], [ -85.2496135, 34.9852809 ], [ -85.2475429, 34.9853219 ], [ -85.2464045, 34.9853444 ], [ -85.2448919, 34.9853743 ], [ -85.227854, 34.985475 ], [ -85.2276016, 34.9854936 ], [ -85.2265312, 34.9855727 ], [ -85.22512, 34.985479 ], [ -85.2251061, 34.9854782 ], [ -85.2250544, 34.985475 ], [ -85.223554, 34.985575 ], [ -85.2234114, 34.9855666 ], [ -85.2232485, 34.985557 ], [ -85.221854, 34.985474 ], [ -85.2210561, 34.9855364 ], [ -85.2203105, 34.9855866 ], [ -85.2185694, 34.9856695 ], [ -85.2185204, 34.9856718 ], [ -85.2184548, 34.9856749 ], [ -85.21786, 34.985675 ], [ -85.2178269, 34.985675 ], [ -85.216554, 34.985675 ], [ -85.2155194, 34.985675 ], [ -85.2114557, 34.985675 ], [ -85.211254, 34.985675 ], [ -85.210054, 34.985675 ], [ -85.2096214, 34.9857083 ], [ -85.208754, 34.985775 ], [ -85.2029592, 34.985775 ], [ -85.202954, 34.985775 ], [ -85.20291, 34.9857781 ], [ -85.2013948, 34.985875 ], [ -85.200549, 34.985875 ], [ -85.1978436, 34.985875 ], [ -85.197253, 34.985875 ], [ -85.195653, 34.985775 ], [ -85.1956507, 34.9857752 ], [ -85.1929724, 34.9859735 ], [ -85.1929495, 34.9859744 ], [ -85.192353, 34.985875 ], [ -85.1902624, 34.9859215 ], [ -85.1878663, 34.9859747 ], [ -85.187853, 34.985975 ], [ -85.1864751, 34.9859891 ], [ -85.1859154, 34.9859949 ], [ -85.185905, 34.985995 ], [ -85.182553, 34.986075 ], [ -85.180553, 34.986075 ], [ -85.1752783, 34.9859773 ], [ -85.175153, 34.985975 ], [ -85.1734225, 34.9859949 ], [ -85.1733956, 34.9859953 ], [ -85.1654285, 34.9860888 ], [ -85.1626767, 34.986121 ], [ -85.1622444, 34.986126 ], [ -85.154375, 34.986275 ], [ -85.1510186, 34.986275 ], [ -85.1503626, 34.986275 ], [ -85.1486155, 34.986275 ], [ -85.147652, 34.986275 ], [ -85.1476389, 34.9862753 ], [ -85.1439671, 34.9863746 ], [ -85.143952, 34.986375 ], [ -85.1438803, 34.9863717 ], [ -85.141752, 34.986275 ], [ -85.14008, 34.986419 ], [ -85.139807, 34.986443 ], [ -85.1318997, 34.9865019 ], [ -85.131886, 34.986502 ], [ -85.1310046, 34.9865087 ], [ -85.128221, 34.986531 ], [ -85.1273913, 34.986536 ], [ -85.126976, 34.986538 ], [ -85.126735, 34.986442 ], [ -85.1266543, 34.9864449 ], [ -85.126595, 34.9864463 ], [ -85.1258289, 34.9864643 ], [ -85.1241235, 34.9865044 ], [ -85.1181864, 34.9865317 ], [ -85.1181112, 34.986532 ], [ -85.117517, 34.9865345 ], [ -85.117006, 34.9865366 ], [ -85.1160563, 34.9865404 ], [ -85.115327, 34.9865435 ], [ -85.1145504, 34.986547 ], [ -85.1138072, 34.9865503 ], [ -85.1124383, 34.986556 ], [ -85.1120728, 34.986558 ], [ -85.1120703, 34.986558 ], [ -85.1115302, 34.98656 ], [ -85.1115274, 34.98656 ], [ -85.1113, 34.986561 ], [ -85.1112921, 34.986561 ], [ -85.1109596, 34.9865629 ], [ -85.1108121, 34.9865636 ], [ -85.1073555, 34.9865778 ], [ -85.1070687, 34.986579 ], [ -85.107066, 34.986579 ], [ -85.1064578, 34.9865819 ], [ -85.1064452, 34.986582 ], [ -85.1057922, 34.986585 ], [ -85.104948, 34.986585 ], [ -85.104939, 34.986585 ], [ -85.1022835, 34.9865716 ], [ -85.1016366, 34.9865684 ], [ -85.1013638, 34.986567 ], [ -85.100965, 34.986565 ], [ -85.1009586, 34.986565 ], [ -85.0959661, 34.986539 ], [ -85.0959619, 34.986539 ], [ -85.083614, 34.986667 ], [ -85.0663837, 34.9866375 ], [ -85.0651796, 34.9866354 ], [ -85.064973, 34.986635 ], [ -85.0640176, 34.9866643 ], [ -85.059597, 34.986683 ], [ -85.0576292, 34.986697 ], [ -85.0576249, 34.986697 ], [ -85.0573617, 34.986699 ], [ -85.0573473, 34.9866991 ], [ -85.0564251, 34.9867059 ], [ -85.0563389, 34.9867066 ], [ -85.052957, 34.986731 ], [ -85.0502924, 34.986781 ], [ -85.0485356, 34.9868139 ], [ -85.0470189, 34.9868423 ], [ -85.045183, 34.986883 ], [ -85.0449824, 34.9868602 ], [ -85.0430583, 34.9868937 ], [ -85.0400502, 34.986946 ], [ -85.0381687, 34.9869787 ], [ -85.0376893, 34.986987 ], [ -85.0370173, 34.9869924 ], [ -85.0359443, 34.9870011 ], [ -85.0257419, 34.987083 ], [ -85.0254554, 34.9870877 ], [ -85.0158673, 34.9872467 ], [ -85.010283, 34.987339 ], [ -85.0095656, 34.987344 ], [ -84.999956, 34.9874978 ], [ -84.9995385, 34.9875639 ], [ -84.9970794, 34.9874687 ], [ -84.99706, 34.987468 ], [ -84.9969009, 34.9874762 ], [ -84.9952799, 34.9875599 ], [ -84.9948565, 34.9875625 ], [ -84.984373, 34.987623 ], [ -84.9820379, 34.9876358 ], [ -84.981644, 34.987638 ], [ -84.9806955, 34.9876433 ], [ -84.9802061, 34.987646 ], [ -84.9798624, 34.987647 ], [ -84.9798398, 34.9876471 ], [ -84.9769853, 34.9876639 ], [ -84.9768687, 34.9876646 ], [ -84.9630429, 34.9877458 ], [ -84.9623186, 34.9877495 ], [ -84.9615285, 34.9877528 ], [ -84.9608644, 34.9877611 ], [ -84.9556477, 34.9878297 ], [ -84.955623, 34.98783 ], [ -84.9556206, 34.9878301 ], [ -84.952772, 34.987943 ], [ -84.9467825, 34.9878526 ], [ -84.946344, 34.987846 ], [ -84.9445128, 34.987863 ], [ -84.943898, 34.987871 ], [ -84.9417662, 34.9878922 ], [ -84.9393189, 34.9879159 ], [ -84.9386648, 34.9879151 ], [ -84.9289331, 34.9879011 ], [ -84.9282402, 34.9879003 ], [ -84.9220036, 34.987893 ], [ -84.9219878, 34.9878932 ], [ -84.921557, 34.987914 ], [ -84.9215355, 34.9879139 ], [ -84.9195266, 34.9879031 ], [ -84.9165418, 34.9878871 ], [ -84.9165072, 34.9878869 ], [ -84.9100047, 34.9878666 ], [ -84.9066335, 34.9878636 ], [ -84.9050152, 34.987864 ], [ -84.9049745, 34.987864 ], [ -84.904912, 34.987864 ], [ -84.8909539, 34.9878692 ], [ -84.8849428, 34.9878715 ], [ -84.8487005, 34.987792 ], [ -84.8301856, 34.9877651 ], [ -84.819893, 34.987776 ], [ -84.8172227, 34.9877518 ], [ -84.809184, 34.987569 ], [ -84.8081595, 34.9875913 ], [ -84.8081222, 34.987592 ], [ -84.77605, 34.987883 ], [ -84.775853, 34.987884 ], [ -84.750029, 34.988123 ], [ -84.749939, 34.988122 ], [ -84.738689, 34.9878341 ], [ -84.7386284, 34.9878335 ], [ -84.737045, 34.987885 ], [ -84.736938, 34.987888 ], [ -84.736458, 34.987888 ], [ -84.7358003, 34.9878893 ], [ -84.7346631, 34.9879368 ], [ -84.73463, 34.9879381 ], [ -84.734352, 34.98795 ], [ -84.732127, 34.988042 ], [ -84.7319728, 34.9880481 ], [ -84.7254221, 34.9880322 ], [ -84.7182992, 34.9880794 ], [ -84.7174596, 34.988085 ], [ -84.7146385, 34.988024 ], [ -84.7138908, 34.9880363 ], [ -84.7100905, 34.9880989 ], [ -84.709545, 34.9881079 ], [ -84.70954, 34.988108 ], [ -84.694989, 34.988149 ], [ -84.6941529, 34.9881515 ], [ -84.6883432, 34.9881686 ], [ -84.6878479, 34.98817 ], [ -84.687845, 34.98817 ], [ -84.6825684, 34.9881849 ], [ -84.682538, 34.988185 ], [ -84.677546, 34.988106 ], [ -84.677529, 34.988106 ], [ -84.673168, 34.988109 ], [ -84.665737, 34.988114 ], [ -84.636838, 34.988017 ], [ -84.6365429, 34.9880159 ], [ -84.6362907, 34.988015 ], [ -84.6346367, 34.988009 ], [ -84.634045, 34.988007 ], [ -84.624933, 34.987978 ], [ -84.6249082, 34.9879805 ], [ -84.621483, 34.988329 ], [ -84.622752, 34.857131 ], [ -84.582195, 34.824592 ], [ -84.609749, 34.790937 ], [ -84.641463, 34.777402 ], [ -84.638989, 34.75443 ], [ -84.657098, 34.728905 ], [ -84.654031, 34.624965 ], [ -84.654366, 34.548946 ], [ -84.502812, 34.550476 ], [ -84.437326, 34.54935 ], [ -84.434759, 34.532 ], [ -84.450052, 34.502225 ], [ -84.492854, 34.488496 ], [ -84.473853, 34.478255 ], [ -84.474652, 34.46462 ], [ -84.509174, 34.470011 ], [ -84.511124, 34.449836 ], [ -84.494114, 34.444982 ], [ -84.458801, 34.421598 ], [ -84.442662, 34.43693 ], [ -84.412069, 34.39634 ], [ -84.424525, 34.38707 ], [ -84.442326, 34.380392 ], [ -84.58263, 34.381492 ], [ -84.58283, 34.412191 ], [ -84.733878, 34.412968 ], [ -84.734118, 34.396495 ], [ -84.837061, 34.397721 ], [ -84.896282, 34.396297 ], [ -84.952546, 34.398955 ], [ -85.005776, 34.392512 ], [ -85.005235, 34.34708 ], [ -85.023102, 34.347112 ], [ -85.023813, 34.213385 ], [ -85.044658, 34.213622 ], [ -85.047046, 34.082881 ], [ -84.737826, 34.08233 ], [ -84.739636, 33.947602 ], [ -84.723236, 33.947353 ], [ -84.72423, 33.903596 ], [ -84.724119, 33.788604 ], [ -84.763796, 33.787343 ], [ -84.879151, 33.774758 ], [ -84.901688, 33.780703 ], [ -84.971203, 33.799617 ], [ -85.049326, 33.812429 ], [ -85.050889, 33.714632 ], [ -85.114985, 33.691348 ], [ -85.139027, 33.700017 ], [ -85.289742, 33.652087 ], [ -85.33823, 33.653117 ], [ -85.3382311, 33.6531227 ], [ -85.341874, 33.6716245 ], [ -85.341893, 33.671721 ], [ -85.3427238, 33.6759395 ], [ -85.344079, 33.682822 ], [ -85.3464119, 33.6946722 ], [ -85.3465444, 33.6953452 ], [ -85.349974, 33.713019 ], [ -85.3500547, 33.7134299 ], [ -85.3525006, 33.725886 ], [ -85.3525996, 33.7263867 ], [ -85.3526142, 33.72644 ], [ -85.3526214, 33.7264603 ], [ -85.3550493, 33.7387151 ], [ -85.3551859, 33.7394097 ], [ -85.35561, 33.741564 ], [ -85.356921, 33.748233 ], [ -85.3582931, 33.7552564 ], [ -85.360288, 33.7667852 ], [ -85.361844, 33.7737449 ], [ -85.362838, 33.779193 ], [ -85.3629327, 33.7796931 ], [ -85.3629443, 33.7797545 ], [ -85.36296, 33.779837 ], [ -85.3671776, 33.8020658 ], [ -85.367782, 33.80525 ], [ -85.3687198, 33.8102502 ], [ -85.370217, 33.818221 ], [ -85.3709179, 33.8218956 ], [ -85.371835, 33.826703 ], [ -85.372126, 33.828261 ], [ -85.3728245, 33.8319969 ], [ -85.374077, 33.8385 ], [ -85.37453, 33.840852 ], [ -85.3751567, 33.8440754 ], [ -85.375955, 33.8482874 ], [ -85.3759874, 33.848459 ], [ -85.3760372, 33.848704 ], [ -85.3764446, 33.8507087 ], [ -85.3770993, 33.853924 ], [ -85.377173, 33.854286 ], [ -85.379509, 33.86628 ], [ -85.380574, 33.87146 ], [ -85.3814261, 33.8751438 ], [ -85.381831, 33.877233 ], [ -85.3823633, 33.8799776 ], [ -85.384915, 33.893127 ], [ -85.3849404, 33.8932619 ], [ -85.3856598, 33.8969699 ], [ -85.385668, 33.897012 ], [ -85.3865777, 33.9017021 ], [ -85.3866191, 33.9019161 ], [ -85.3895558, 33.9169692 ], [ -85.389575, 33.917067 ], [ -85.394035, 33.939736 ], [ -85.3960877, 33.9501667 ], [ -85.3974251, 33.9569568 ], [ -85.398072, 33.960243 ], [ -85.399325, 33.966606 ], [ -85.3995061, 33.9675268 ], [ -85.3996149, 33.9680803 ], [ -85.406748, 34.002314 ], [ -85.4068362, 34.0027729 ], [ -85.4068465, 34.0028263 ], [ -85.409376, 34.015986 ], [ -85.4098186, 34.018279 ], [ -85.41081, 34.0234031 ], [ -85.4123958, 34.0316306 ], [ -85.4189824, 34.0658266 ], [ -85.419431, 34.068155 ], [ -85.4223313, 34.0833475 ], [ -85.4266568, 34.1061494 ], [ -85.426851, 34.107174 ], [ -85.427888, 34.11264 ], [ -85.428222, 34.114397 ], [ -85.4294331, 34.1247801 ], [ -85.4365121, 34.1587288 ], [ -85.4370665, 34.1614943 ], [ -85.4421093, 34.1866387 ], [ -85.4437201, 34.1942854 ], [ -85.444305, 34.197667 ], [ -85.4443084, 34.1976976 ], [ -85.4443279, 34.1978696 ], [ -85.444405, 34.198539 ], [ -85.444498, 34.199017 ], [ -85.446027, 34.206603 ], [ -85.4467312, 34.210099 ], [ -85.446732, 34.210103 ], [ -85.4480257, 34.2165215 ], [ -85.451601, 34.234283 ], [ -85.453818, 34.24516 ], [ -85.4541996, 34.2470471 ], [ -85.454497, 34.248517 ], [ -85.455057, 34.250689 ], [ -85.4553584, 34.2527669 ], [ -85.4570944, 34.2610223 ], [ -85.458071, 34.265736 ], [ -85.4585924, 34.2686924 ], [ -85.458693, 34.269437 ], [ -85.4622104, 34.2864022 ], [ -85.462981, 34.290115 ], [ -85.464749, 34.298863 ], [ -85.465894, 34.30443 ], [ -85.4659102, 34.3045144 ], [ -85.467808, 34.314377 ], [ -85.4683496, 34.3171905 ], [ -85.468475, 34.317841 ], [ -85.4684793, 34.3178645 ], [ -85.469686, 34.3242173 ], [ -85.4704351, 34.3281606 ], [ -85.47045, 34.328239 ], [ -85.470556, 34.3287229 ], [ -85.4740244, 34.3445477 ], [ -85.474332, 34.3459803 ], [ -85.4744404, 34.3464849 ], [ -85.4781342, 34.3636811 ], [ -85.480527, 34.375089 ], [ -85.484369, 34.392938 ], [ -85.48459, 34.393875 ], [ -85.48543, 34.397756 ], [ -85.4859376, 34.4001013 ], [ -85.48648, 34.402607 ], [ -85.486547, 34.402916 ], [ -85.4882953, 34.4109982 ], [ -85.488493, 34.411912 ], [ -85.4886799, 34.412775 ], [ -85.489841, 34.41814 ], [ -85.489945, 34.41862 ], [ -85.4916109, 34.4259836 ], [ -85.494871, 34.440554 ], [ -85.497089, 34.450428 ], [ -85.4970897, 34.4504309 ], [ -85.497184, 34.450843 ], [ -85.498268, 34.455671 ], [ -85.499717, 34.462119 ], [ -85.4997195, 34.4621331 ], [ -85.499956, 34.4634784 ], [ -85.5005429, 34.4658166 ], [ -85.5009361, 34.467681 ], [ -85.5009426, 34.4677122 ], [ -85.501302, 34.4694353 ], [ -85.50205, 34.472936 ], [ -85.5023161, 34.4739545 ], [ -85.5029374, 34.4766192 ], [ -85.504798, 34.485645 ], [ -85.5048235, 34.4857588 ], [ -85.505174, 34.487311 ], [ -85.506505, 34.493477 ], [ -85.507779, 34.499381 ], [ -85.508157, 34.500591 ], [ -85.5123262, 34.5190859 ], [ -85.5127986, 34.5208915 ], [ -85.512885, 34.521222 ], [ -85.5130822, 34.5219276 ], [ -85.513709, 34.5243221 ], [ -85.5137413, 34.5244875 ], [ -85.51393, 34.525192 ], [ -85.5139307, 34.5251961 ], [ -85.5140485, 34.5258528 ], [ -85.5141945, 34.5266618 ], [ -85.5143812, 34.5276959 ], [ -85.5159592, 34.536429 ], [ -85.5159625, 34.5364473 ], [ -85.5161678, 34.5375834 ], [ -85.517074, 34.542598 ], [ -85.517084, 34.5426433 ], [ -85.5183992, 34.5485725 ], [ -85.518421, 34.5486769 ], [ -85.5184251, 34.5486969 ], [ -85.5185773, 34.5494268 ], [ -85.518579, 34.549435 ], [ -85.5197443, 34.5547025 ], [ -85.5197462, 34.5547108 ], [ -85.5200162, 34.5559312 ], [ -85.520017, 34.555935 ], [ -85.5201159, 34.5563818 ], [ -85.520235, 34.55692 ], [ -85.521383, 34.562107 ], [ -85.5214022, 34.5621973 ], [ -85.5233271, 34.5709003 ], [ -85.5252764, 34.5797133 ], [ -85.5270288, 34.5876348 ], [ -85.527261, 34.588683 ], [ -85.5272679, 34.5887184 ], [ -85.532103, 34.6136232 ], [ -85.5321722, 34.6139796 ], [ -85.533802, 34.622377 ], [ -85.539331, 34.647891 ], [ -85.5412629, 34.6566959 ], [ -85.541956, 34.65993 ], [ -85.5424932, 34.6623869 ], [ -85.542754, 34.6635783 ], [ -85.5463668, 34.6800802 ], [ -85.5464484, 34.6804534 ], [ -85.547243, 34.684083 ], [ -85.5472448, 34.684091 ], [ -85.5473022, 34.6843512 ], [ -85.5473938, 34.6847713 ], [ -85.5474207, 34.6848944 ], [ -85.5486558, 34.6905363 ], [ -85.5495154, 34.6944621 ], [ -85.551232, 34.702413 ], [ -85.552448, 34.7081101 ], [ -85.5525022, 34.7084143 ], [ -85.5528244, 34.7099026 ], [ -85.5534574, 34.7128264 ], [ -85.5571172, 34.7299599 ], [ -85.5572493, 34.7305783 ], [ -85.558071, 34.7344249 ], [ -85.558686, 34.737305 ], [ -85.561311, 34.749588 ], [ -85.563935, 34.762683 ], [ -85.5641863, 34.7639386 ], [ -85.5647012, 34.766516 ], [ -85.564948, 34.767751 ], [ -85.567361, 34.779827 ], [ -85.57257, 34.805889 ], [ -85.5730399, 34.8082426 ], [ -85.57562, 34.8211513 ], [ -85.578216, 34.834598 ], [ -85.5782231, 34.8346354 ], [ -85.581617, 34.852382 ], [ -85.5816824, 34.852724 ], [ -85.582983, 34.859526 ], [ -85.583145, 34.860371 ], [ -85.584107, 34.865494 ], [ -85.5847185, 34.8687653 ], [ -85.58593, 34.875161 ], [ -85.587329, 34.883045 ], [ -85.589103, 34.891877 ], [ -85.5904816, 34.8988561 ], [ -85.5910008, 34.9022336 ], [ -85.5912038, 34.9035624 ], [ -85.591379, 34.904699 ], [ -85.5913985, 34.9047637 ], [ -85.5917909, 34.9062927 ], [ -85.592379, 34.910492 ], [ -85.592425, 34.910661 ], [ -85.5925133, 34.9110106 ], [ -85.592517, 34.911026 ], [ -85.5926066, 34.9116294 ], [ -85.5927318, 34.9122405 ], [ -85.595811, 34.927671 ], [ -85.596974, 34.933766 ], [ -85.598225, 34.941495 ], [ -85.599241, 34.950133 ], [ -85.600961, 34.96074 ], [ -85.602482, 34.969403 ], [ -85.605165, 34.984678 ], [ -85.6044656, 34.9846715 ] ] ] ] } }
]
}
